"Risk","Zone","Experience","SumInsAvg","TotalLoss","Error","ln_insured","ln_insured_err"
1,1,0,455.13,392491,-0.320973938893959,6.12058309242811,5.79960915353415
1,1,0,72.88,15694,-0.0251833474754164,4.2888142529517,4.26363090547629
1,1,0,1292.39,422201,-0.0736769654645761,7.16424849637785,7.09057153091328
1,1,0,191.01,119373,-0.258442812903565,5.25232578269704,4.99388296979348
1,1,0,477.66,170913,0.244156561242346,6.16889918232854,6.41305574357089
1,1,0,105.58,56940,-0.0523710923322213,4.65946895939547,4.60709786706325
1,1,0,32.55,77487,0.307649906381896,3.48277736865458,3.79042727503647
1,1,0,9998.46,6805992,0.767657332650971,9.21018636011697,9.97784369276794
1,1,0,314.58,214011,0.0807130277364945,5.7512384158125,5.83195144354899
1,1,0,61.82,65303,0.115923128746109,4.12422693670397,4.24015006545008
1,1,0,47.06,20871,0.373398342316847,3.85142338329922,4.22482172561606
1,1,0,782.58,242894,0.20339519108854,6.66259615361025,6.86599134469879
1,1,0,115.43,23545,0.409616740421976,4.74866428562682,5.1582810260488
1,1,0,15.25,6560,0.0594249125551698,2.72457950305342,2.78400441560859
1,1,0,6416.19,2873487,0.503183233389967,8.76657976257421,9.26976299596418
1,1,0,309.98,134931,-0.0174491498969376,5.7365077792689,5.71905862937197
1,1,0,49.18,50908,0.265147849349553,3.89548703678805,4.1606348861376
1,1,0,497.2,112992,0.0503972586344384,6.20899235963656,6.25938961827099
1,1,0,73.48,14788,0.19794416202907,4.29701326034693,4.49495742237599
1,1,0,278.01,48713,0.200357082183567,5.62765708426671,5.82801416645028
1,1,0,17.86,13161,0.215359851927821,2.88256357544835,3.09792342737617
1,1,0,5063.15,1707680,-0.215677887639136,8.52974409823458,8.31406621059545
1,1,1,318.48,103866,0,5.76355967869206,5.76355967869206
1,1,1,35.33,11839,0,3.56473246137105,3.56473246137105
1,1,1,374.28,98140,0,5.92500418040771,5.92500418040771
1,1,1,85.18,27919,0,4.44476666449507,4.44476666449507
1,1,1,199.7,103910,0,5.29681624042177,5.29681624042177
1,1,1,60.46,38065,0,4.10198198935131,4.10198198935131
1,1,1,4263.09,1267678,0,8.35774952843539,8.35774952843539
1,1,1,444.37,69203,0,6.09665754873612,6.09665754873612
1,1,1,86.65,14620,0,4.46187701616162,4.46187701616162
1,1,1,53.81,40258,0,3.98545932350133,3.98545932350133
1,1,1,361.62,161455,0,5.89059393672301,5.89059393672301
1,1,1,117.91,20011,0,4.76992162158858,4.76992162158858
1,1,1,232.55,57214,0,5.44910525567011,5.44910525567011
1,1,1,81.27,4496,0,4.39777694476511,4.39777694476511
1,1,1,4761.37,1116208,0,8.46829072094069,8.46829072094069
1,1,1,1016.67,217617,0,6.9242878596165,6.9242878596165
1,1,1,150.56,58099,0,5.01436167583707,5.01436167583707
1,1,1,126.69,12268,0,4.84174315761396,4.84174315761396
1,1,1,482.96,137005,0,6.17993383448817,6.17993383448817
1,1,1,203.6,33767,0,5.31615728467637,5.31615728467637
1,1,1,9197.99,1939894,0,9.12674026090641,9.12674026090641
1,1,1,5430.48,1048698,0,8.59978280681118,8.59978280681118
1,1,1,659.54,143915,0,6.49154262232721,6.49154262232721
1,1,1,657.34,153830,0,6.48820138843087,6.48820138843087
1,1,1,2795.72,202413,0,7.93584495527753,7.93584495527753
1,1,1,1119.12,180345,0,7.02029794116817,7.02029794116817
1,1,1,2861.69,484604,0,7.95916763838678,7.95916763838678
1,1,1,1111,152801,0,7.01301578963963,7.01301578963963
1,1,1,166.61,14084,0,5.11565575194098,5.11565575194098
1,1,1,48264.64,8977527,0,10.7844544804338,10.7844544804338
1,2,0,458.89,532092,-0.228713862135904,6.12881052992343,5.90009666778753
1,2,0,72.78,9006,0.529215377245828,4.28744119218401,4.81665656942984
1,2,0,33.23,45498,-0.18839447274314,3.5034530823665,3.31505860962336
1,2,0,1544.55,337480,0.366774827767872,7.34248788477087,7.70926271253874
1,2,0,200.9,191982,0.0371322267994425,5.30280727182089,5.33993949862033
1,2,0,663.98,300632,0.0819730000901014,6.49825202854088,6.58022502863098
1,2,0,124.73,23349,0.120913513909143,4.82615140113762,4.94706491504676
1,2,0,29.24,13581,-0.224990279712312,3.37553763488158,3.15054735516927
1,2,0,11381,6173598,-0.526625121065489,9.33970057728189,8.8130754562164
1,2,0,364.78,211494,-0.303631310328553,5.89929443213585,5.5956631218073
1,2,0,51.89,10811,-0.27794910253472,3.94912609337965,3.67117699084493
1,2,0,29.39,36204,-1.12454909496165,3.38065448043083,2.25610538546918
1,2,0,1053.01,135007,-0.448015637785168,6.95940800876505,6.51139237097988
1,2,0,110.1,49061,-0.141913302441687,4.70138904372863,4.55947574128695
1,2,0,470.62,64287,-0.245382534044759,6.15405097432773,5.90866844028298
1,2,0,93.29,51080,-0.263047126620204,4.53571292097287,4.27266579435267
1,2,0,17.88,600,0.0163901219194159,2.88368276974537,2.90007289166478
1,2,0,7607.66,2510207,-0.194970643846816,8.9369109134264,8.74194026957958
1,2,0,315.14,106975,0.0804473162272528,5.7530169845339,5.83346430076115
1,2,0,64.53,16922,-0.104835974908709,4.16713023194775,4.06229425703904
1,2,0,27.24,8255,-0.0652438959018627,3.30468648128131,3.23944258537945
1,2,0,726.13,93656,0.38432333177936,6.58772906215575,6.97205239393511
1,2,0,96.49,44966,0.598320774506161,4.56943937603229,5.16776015053845
1,2,0,365.81,43426,0.0234620514416539,5.90211407292592,5.92557612436757
1,2,0,80.8,48691,0.553934966402,4.39197696552705,4.94591193192905
1,2,0,5898.98,1392652,-0.0732027549866418,8.68253473359217,8.60933197860553
1,2,1,69.55,34137,0,4.24204591836945,4.24204591836945
1,2,1,33.37,2702,0,3.50765729276328,3.50765729276328
1,2,1,507.57,22292,0,6.22963463243881,6.22963463243881
1,2,1,316.14,57404,0,5.75618515344925,5.75618515344925
1,2,1,72.05,8538,0,4.27736032244553,4.27736032244553
1,2,1,4957.56,1375988,0,8.50866896319515,8.50866896319515
1,2,1,473.63,136376,0,6.16042642615821,6.16042642615821
1,2,1,88.09,19038,0,4.4783590191217,4.4783590191217
1,2,1,46.27,3604,0,3.83449380291891,3.83449380291891
1,2,1,126.88,26433,0,4.84324175788654,4.84324175788654
1,2,1,316.15,52950,0,5.75621678450462,5.75621678450462
1,2,1,23.37,2680,0,3.15145314855077,3.15145314855077
1,2,1,5481.31,1079230,0,8.60909940246879,8.60909940246879
1,2,1,996.27,236220,0,6.90401830518523,6.90401830518523
1,2,1,175.14,25036,0,5.16558565409408,5.16558565409408
1,2,1,111.97,22261,0,4.71823097827211,4.71823097827211
1,2,1,601.61,88961,0,6.39960939483791,6.39960939483791
1,2,1,260.69,64368,0,5.56333196193755,5.56333196193755
1,2,1,229.72,46244,0,5.4368611759961,5.4368611759961
1,2,1,46.66,14385,0,3.84288726659328,3.84288726659328
1,2,1,9830.72,1840742,0,9.19326745562677,9.19326745562677
1,2,1,6021.43,1086534,0,8.70308005162258,8.70308005162258
1,2,1,751.59,100564,0,6.62219096250136,6.62219096250136
1,2,1,3293.99,201401,0,8.09985487491027,8.09985487491027
1,2,1,3665.27,524316,0,8.20665728145719,8.20665728145719
1,2,1,1369.91,159658,0,7.22250032323361,7.22250032323361
1,2,1,183.98,18603,0,5.21482705604901,5.21482705604901
1,2,1,55084.54,8500391,0,10.9166243750086,10.9166243750086
1,3,0,453.06,329632,0.171854765192358,6.11602456704339,6.28787933223575
1,3,0,67.13,79565,-0.312749703680712,4.20663103795066,3.89388133426995
1,3,0,35.22,11746,0.0997798099202877,3.56161410306806,3.66139391298835
1,3,0,1653.17,338305,0.772331757892843,7.4104499358482,8.18278169374104
1,3,0,206.62,124108,0.173828145594328,5.3308813574213,5.50470950301563
1,3,0,859.95,213078,-0.00924756471874391,6.7568742480225,6.74762668330376
1,3,0,110.08,34844,-0.262716771567896,4.70120737418503,4.43849060261714
1,3,0,25.92,25319,0.394157161422446,3.25501487148407,3.64917203290652
1,3,0,11436.08,5173923,-0.615256470301021,9.34452854887069,8.72927207856967
1,3,0,317.1,90162,-0.104705684668808,5.7592171815443,5.65451149687549
1,3,0,54.58,19327,0.310191447912088,3.99966751528019,4.30985896319228
1,3,0,22.59,1209,0.692782481353801,3.11750733047991,3.81028981183371
1,3,0,1187.43,123124,0.0096594132561247,7.07954658680291,7.08920600005904
1,3,0,129.53,99258,-0.248402414387661,4.86391251454216,4.6155101001545
1,3,0,617.11,137828,0.102913340031663,6.42504729002476,6.52796063005643
1,3,0,102.5,14904,-0.278547188008781,4.62986279857846,4.35131561056968
1,3,0,21.56,597,0.0661946753460872,3.0708397460408,3.13703442138688
1,3,0,8351.79,1937445,0.0477608131431979,9.03023116612815,9.07799197927135
1,3,0,357.43,37835,-0.108617531852488,5.87893953876611,5.77032200691363
1,3,0,62.87,5014,0.286463648518879,4.14106910239497,4.42753275091385
1,3,0,849.23,61591,0.290599040492167,6.74433005657204,7.03492909706421
1,3,0,119.21,47495,-0.175818682540755,4.78088664372991,4.60506796118915
1,3,0,463.6,53173,0.177161812310357,6.1390221114656,6.31618392377595
1,3,0,104.36,11936,-0.566812275336644,4.64784646026853,4.08103418493188
1,3,0,14.21,31442,-0.49502827813174,2.65394594210901,2.15891766397727
1,3,0,6540.44,1284025,-1.04997702212005,8.78575972047562,7.73578269835558
1,3,1,338.37,136281,0,5.82413997131994,5.82413997131994
1,3,1,52.49,9253,0,3.96062267526421,3.96062267526421
1,3,1,571.94,142536,0,6.34903409077303,6.34903409077303
1,3,1,113.36,21433,0,4.73056859538243,4.73056859538243
1,3,1,85.15,4079,0,4.4444144071087,4.4444144071087
1,3,1,16.16,1012,0,2.78253905309295,2.78253905309295
1,3,1,5123.78,994540,0,8.54164772688801,8.54164772688801
1,3,1,459.4,61958,0,6.129921290255,6.129921290255
1,3,1,41.51,44278,0,3.72593436206495,3.72593436206495
1,3,1,517.24,18455,0,6.24850698342765,6.24850698342765
1,3,1,136.08,28248,0,4.91324294808761,4.91324294808761
1,3,1,417.71,15568,0,6.0347874118438,6.0347874118438
1,3,1,5849.14,1184032,0,8.67404992087208,8.67404992087208
1,3,1,1060.28,245621,0,6.96628830316779,6.96628830316779
1,3,1,124.82,12648,0,4.8268726995059,4.8268726995059
1,3,1,119.17,5855,0,4.78055104510271,4.78055104510271
1,3,1,639.97,64278,0,6.46142130025505,6.46142130025505
1,3,1,307.56,90310,0,5.72867019016398,5.72867019016398
1,3,1,740.33,117763,0,6.60709603273982,6.60709603273982
1,3,1,233.83,20303,0,5.4545943556053,5.4545943556053
1,3,1,53.41,6221,0,3.97799799435168,3.97799799435168
1,3,1,10263.04,2026554,0,9.23630437113398,9.23630437113398
1,3,1,7155.96,980780,0,8.87570085489806,8.87570085489806
1,3,1,999.32,168854,0,6.90707504767727,6.90707504767727
1,3,1,1049.99,41459,0,6.95653591929669,6.95653591929669
1,3,1,3712.23,229231,0,8.21938805319347,8.21938805319347
1,3,1,1862.44,388511,0,7.52964273496971,7.52964273496971
1,3,1,4964,622350,0,8.5099671463245,8.5099671463245
1,3,1,1785.23,253660,0,7.48730253745371,7.48730253745371
1,3,1,331.45,94395,0,5.8034769686874,5.8034769686874
1,4,0,868.6,627513,0.0489272568471493,6.76688272010072,6.81580997694787
1,4,0,122.54,113492,-0.115305074254058,4.80843750729751,4.69313243304345
1,4,0,55.08,33925,-0.769598408250642,4.00878667386045,3.23918826560981
1,4,0,2751.7,578698,0.106399355644246,7.91997418148313,8.02637353712737
1,4,0,328.36,149698,-0.202528964483873,5.79411056748007,5.59158160299619
1,4,0,231.91,55103,0.575888841178091,5.44634936536712,6.02223820654521
1,4,0,48.77,34267,-0.583985232405419,3.88711536972196,3.30313013731654
1,4,0,20153.28,6605073,0.286984493763141,9.91112233328407,10.1981068270472
1,4,0,622.23,300510,0.374895880966967,6.4333097993089,6.80820568027586
1,4,0,94.03,11936,-0.0561898887249583,4.54361388028899,4.48742399156403
1,4,0,36.73,6387,-0.406708727805365,3.60359385983158,3.19688513202621
1,4,0,2037.95,152944,0.146555961840681,7.61969967962499,7.76625564146567
1,4,0,1217.01,344450,0.278491128310294,7.10415230988064,7.38264343819093
1,4,0,155.5,113524,0.0440890932705245,5.04664573161929,5.09073482488981
1,4,0,14648.2,3150912,-0.167729618070978,9.59207274000226,9.42434312193128
1,4,0,613.17,168882,0.0134520235675816,6.4186422221218,6.43209424568938
1,4,0,108.4,43676,0.200450548244556,4.68582808900555,4.8862786372501
1,4,0,1447.58,66208,-0.539955261071177,7.27764847562288,6.73769321455171
1,4,0,933.44,374818,0.00622543244315479,6.83887668667936,6.84510211912251
1,4,0,153.11,38157,-0.094487707640339,5.031156617317,4.93666890967666
1,4,0,32.44,8234,-0.139697671401991,3.47939222924721,3.33969455784522
1,4,0,11314.54,2035982,0.264292195848762,9.33384390324212,9.59813609909089
1,4,1,573.86,214513,0,6.3523854641315,6.3523854641315
1,4,1,49.14,12947,0,3.89467336709303,3.89467336709303
1,4,1,970.81,77705,0,6.87813077458225,6.87813077458225
1,4,1,135.49,16781,0,4.90889783685834,4.90889783685834
1,4,1,740.62,87155,0,6.60748767324586,6.60748767324586
1,4,1,8785.71,1189357,0,9.0808818169343,9.0808818169343
1,4,1,783.1,97770,0,6.66326040175689,6.66326040175689
1,4,1,127.17,21026,0,4.84552477403266,4.84552477403266
1,4,1,86.26,15583,0,4.4573659912197,4.4573659912197
1,4,1,886.11,71474,0,6.78684109639754,6.78684109639754
1,4,1,200.68,74804,0,5.30171159961605,5.30171159961605
1,4,1,53.05,6827,0,3.97123486505999,3.97123486505999
1,4,1,1839.13,505590,0,7.51704791269857,7.51704791269857
1,4,1,298.73,16182,0,5.69954015539807,5.69954015539807
1,4,1,234.01,42369,0,5.45536384948732,5.45536384948732
1,4,1,1047.27,147524,0,6.95394205728145,6.95394205728145
1,4,1,481.63,70430,0,6.17717618441333,6.17717618441333
1,4,1,1317.07,162323,0,7.1831648514318,7.1831648514318
1,4,1,360.55,127814,0,5.88763064336277,5.88763064336277
1,4,1,90.61,80134,0,4.50656458223397,4.50656458223397
1,4,1,17332.9,2833885,0,9.76036170858295,9.76036170858295
1,4,1,2140.94,253490,0,7.66900026390928,7.66900026390928
1,4,1,6923.74,435674,0,8.84271136504224,8.84271136504224
1,4,1,10409.88,1070372,0,9.25051063416505,9.25051063416505
1,4,1,3252.99,317119,0,8.08732985238317,8.08732985238317
1,4,1,768.54,160411,0,6.6444926110711,6.6444926110711
1,4,1,127687.27,15540162,0,11.7573393502857,11.7573393502857
1,5,0,15.53,1668,-0.358703735155902,2.7427736371606,2.38406990200469
1,5,0,454.21,61507,-0.13874322085354,6.11855964616181,5.97981642530827
1,5,0,69.38,83497,0.109067389324078,4.2395986415416,4.34866603086568
1,5,0,301.14,87734,-0.142112875088712,5.7075752728949,5.56546239780618
1,5,0,47.82,51950,0.0138571707608299,3.86744396203018,3.88130113279101
1,5,0,3645.26,1855941,-0.17961471035354,8.2011829724887,8.02156826213516
1,5,0,132.69,27325,0.577071498365706,4.88801558054834,5.46508707891405
1,5,0,17.31,1554,0.136927435235705,2.85128436918812,2.98821180442382
1,5,0,324.26,22854,-0.428161731005689,5.78154566312192,5.35338393211623
1,5,0,51.8,40692,0.365074174284867,3.94739014926544,4.3124643235503
1,5,0,218.84,88266,0.291162588086059,5.38834086919563,5.67950345728168
1,5,0,39.68,38808,-0.141877947369764,3.68084728241667,3.53896933504691
1,5,0,12.15,1029,0.654772900602327,2.49732916978656,3.15210207038888
1,5,0,2694.25,616744,-0.0631051887286157,7.89887515147694,7.83576996274833
1,5,0,122.86,51943,-0.35706178159653,4.81104549573578,4.45398371413925
1,5,0,240.23,13492,-0.409690420682966,5.4815967977671,5.07190637708414
1,5,0,38.15,16170,0.392254890384099,3.64152575773047,4.03378064811456
1,5,0,173.78,17523,0.536024633315522,5.15779013141106,5.69381476472658
1,5,0,30.43,6421,0.158841503839104,3.41542896390888,3.57427046774798
1,5,0,4.82,31442,0.149204609571393,1.57277392806251,1.7219785376339
1,5,1,116.24,7229,0,4.75565701926203,4.75565701926203
1,5,1,16.48,1000,0,2.80214752448133,2.80214752448133
1,5,1,9.31,9867,0,2.23108909128898,2.23108909128898
1,5,1,27.77,8119,0,3.32395630131871,3.32395630131871
1,5,1,145.54,33299,0,4.98045096291894,4.98045096291894
1,5,1,7.77,2700,0,2.05027016437956,2.05027016437956
1,5,1,1592.59,364037,0,7.37311690076307,7.37311690076307
1,5,1,185.95,53110,0,5.22547782037108,5.22547782037108
1,5,1,23.75,4900,0,3.16758253048065,3.16758253048065
1,5,1,140.66,4876,0,4.94634563087987,4.94634563087987
1,5,1,41.71,7056,0,3.73074090820885,3.73074090820885
1,5,1,141.81,3200,0,4.95448813347326,4.95448813347326
1,5,1,44.08,64516,0,3.78600616484466,3.78600616484466
1,5,1,1752.09,299385,0,7.46856464003996,7.46856464003996
1,5,1,394.91,25994,0,5.97865789083853,5.97865789083853
1,5,1,55.35,7232,0,4.01367665915465,4.01367665915465
1,5,1,40.03,1373,0,3.68962917300448,3.68962917300448
1,5,1,177.67,6211,0,5.17992789704781,5.17992789704781
1,5,1,92.95,21706,0,4.53206171416745,4.53206171416745
1,5,1,244.32,41753,0,5.49847884147032,5.49847884147032
1,5,1,92.99,6674,0,4.53249196049011,4.53249196049011
1,5,1,22.62,1522,0,3.11883447068797,3.11883447068797
1,5,1,2257.49,452280,0,7.72200885560248,7.72200885560248
1,5,1,284.44,45614,0,5.65052233501532,5.65052233501532
1,5,1,300.78,55124,0,5.70637910050347,5.70637910050347
1,5,1,946.25,68243,0,6.85250680475166,6.85250680475166
1,5,1,125.14,46879,0,4.82943311057022,4.82943311057022
1,5,1,17722.19,2700050,0,9.78257280568735,9.78257280568735
1,6,0,38.25,5658,-0.160707782414424,3.64414356027254,3.48343577785812
1,6,0,767.66,187167,-0.117204240739929,6.64334692679007,6.52614268605014
1,6,0,134.82,164961,0.477074790390997,4.90394055542529,5.38101534581629
1,6,0,29.87,35088,-0.0156930514575631,3.39685463222802,3.38116158077046
1,6,0,6744.61,2708623,0.436949810593595,8.81649894636232,9.25344875695592
1,6,0,233.67,159609,0.141964898396317,5.45390986359997,5.59587476199628
1,6,0,33.6,5403,-0.0481646368832665,3.51452606696916,3.46636143008589
1,6,0,563.21,12459,0.0819959547178433,6.33365256036802,6.41564851508586
1,6,0,436.38,72563,-0.509569948752087,6.0785134233945,5.56894347464242
1,6,0,63.25,63976,-0.635287664988814,4.14709512760763,3.51180746261882
1,6,0,4721.76,970016,-0.632256701022844,8.45993689043256,7.82768018940971
1,6,0,230.77,97153,0.0382764226808905,5.44142154351649,5.47969796619738
1,6,0,76.88,14166,-0.072730741940918,4.34224576466204,4.26951502272112
1,6,0,294.37,106215,-0.695417136731354,5.68483747948843,4.98942034275707
1,6,0,57.46,41564,-0.540878680467894,4.05108905355114,3.51021037308325
1,6,0,3558.48,785697,0.0715494396858307,8.17708876637788,8.24863820606371
1,6,1,186.52,81889,0,5.22853847194012,5.22853847194012
1,6,1,31.99,2985,0,3.46542335396143,3.46542335396143
1,6,1,283.49,73962,0,5.64717684917708,5.64717684917708
1,6,1,57.53,20515,0,4.0523065508752,4.0523065508752
1,6,1,219.19,14794,0,5.38993893359526,5.38993893359526
1,6,1,45.35,38560,0,3.81441017656115,3.81441017656115
1,6,1,24.46,3138,0,3.19703913025903,3.19703913025903
1,6,1,253.84,105565,0,5.53670414727494,5.53670414727494
1,6,1,47.01,5207,0,3.85036034503604,3.85036034503604
1,6,1,72.82,1742,0,4.28799064274729,4.28799064274729
1,6,1,252.17,74154,0,5.53010346324359,5.53010346324359
1,6,1,64.53,8546,0,4.16713023194775,4.16713023194775
1,6,1,22.19,2198,0,3.0996417369445,3.0996417369445
1,6,1,2936.87,641508,0,7.98509966736574,7.98509966736574
1,6,1,560.62,107765,0,6.32904331415568,6.32904331415568
1,6,1,55.88,4731,0,4.02320653438876,4.02320653438876
1,6,1,274.15,10929,0,5.61367540185006,5.61367540185006
1,6,1,186,16980,0,5.2257466737132,5.2257466737132
1,6,1,424.38,62560,0,6.05062928027595,6.05062928027595
1,6,1,141.38,39806,0,4.95145130074281,4.95145130074281
1,6,1,5248.1,1066083,0,8.56562138532043,8.56562138532043
1,6,1,4492.77,727249,0,8.41022471701872,8.41022471701872
1,6,1,606.55,114290,0,6.40778716521693,6.40778716521693
1,6,1,561.04,128950,0,6.32979220422865,6.32979220422865
1,6,1,1799.95,191942,0,7.49551416572067,7.49551416572067
1,6,1,1203.92,118462,0,7.09333817847846,7.09333817847846
1,6,1,2874.45,422565,0,7.96361663058261,7.96361663058261
1,6,1,914.58,208821,0,6.81846494350181,6.81846494350181
1,6,1,347.4,131927,0,5.850476853807,5.850476853807
1,6,1,34969.21,5181284,0,10.4622232390101,10.4622232390101
1,7,0,23.96,9848,0.300685253018442,3.17638577324725,3.47707102626569
1,7,0,92.39,4642,0.666739537256386,4.52601874768265,5.19275828493904
1,7,0,4.29,1504,-0.277820799379735,1.45628673293993,1.17846593356019
1,7,0,560.17,108198,0.333508810613266,6.32824030908928,6.66174911970255
1,7,0,20.83,2772,-0.51830029839135,3.03639425527288,2.51809395688153
1,7,0,48.63,1980,0.265942236556474,3.88424062441569,4.15018286097217
1,7,0,413.54,45789,-0.166169786947363,6.02475424497262,5.85858445802526
1,7,0,46.18,756,0.0201938451559503,3.83254680392635,3.8527406490823
1,7,0,13.92,2199,-0.146619753186324,2.63332665490627,2.48670690171995
1,7,0,285.04,15229,0.209040699619969,5.65262952129758,5.86167022091755
1,7,1,225.35,9681,0,5.41765474913666,5.41765474913666
1,7,1,5.74,3900,0,1.74745921033147,1.74745921033147
1,7,1,29.05,2913,0,3.36901848329792,3.36901848329792
1,7,1,14.42,3174,0,2.6686161318568,2.6686161318568
1,7,1,278.75,31522,0,5.63031532277433,5.63031532277433
1,7,1,41.17,3325,0,3.71770983578181,3.71770983578181
1,7,1,7.55,7963,0,2.02154756326093,2.02154756326093
1,7,1,294.57,8171,0,5.68551666584931,5.68551666584931
1,7,1,50.12,1510,0,3.91442013002787,3.91442013002787
1,7,1,216.41,65435,0,5.37717475662553,5.37717475662553
1,7,1,208.35,74182,0,5.33921935786846,5.33921935786846
1,7,1,3315.16,340189,0,8.10626116691525,8.10626116691525
2,1,0,638.51,578831,-0.139135818594063,6.45913733705708,6.32000151846301
2,1,0,94.77,137355,-0.0911240472197075,4.5514529034821,4.4603288562624
2,1,0,126.87,137680,-0.416139395064904,4.84316294015251,4.4270235450876
2,1,0,398.58,162678,0.540821344661259,5.98790823090521,6.52872957556646
2,1,0,167.88,73435,-0.10357725578853,5.12324943846539,5.01967218267686
2,1,0,354.26,166416,-0.581371366081622,5.87003110682445,5.28865974074283
2,1,0,95.57,21295,0.417234716395382,4.55985896327809,4.97709367967347
2,1,0,25.93,2059,0.110326202272022,3.25540059955057,3.3657268018226
2,1,0,6792.88,6556534,0.922143011667089,8.82363028379164,9.74577329545873
2,1,0,605.01,484085,0.0315963576692055,6.40524498681986,6.43684134448907
2,1,0,96.42,93305,0.415257903066734,4.56871364897748,4.98397155204421
2,1,0,94.57,62554,0.218014941812829,4.54934030102742,4.76735524284025
2,1,0,152.42,109785,-0.1270368645379,5.02663986823797,4.89960300370007
2,1,0,349.2,92572,0.327709529169676,5.85564482396545,6.18335435313512
2,1,0,94.39,76099,-0.351092527785272,4.54743513533685,4.19634260755158
2,1,0,16.52,39939,-0.0498777803151987,2.80457176809283,2.75469398777763
2,1,0,5941.02,3249461,0.49856726842891,8.6896361147867,9.18820338321561
2,1,0,599.51,450864,-0.373412941816758,6.39611265489559,6.02269971307883
2,1,0,121.49,142141,-0.294086242129819,4.79983195486665,4.50574571273683
2,1,0,91.96,93038,-0.218479127719927,4.52135369989498,4.30287457217505
2,1,0,234.48,65170,-0.776267248305759,5.45737029640264,4.68110304809688
2,1,0,134.82,111059,-0.369939633185653,4.90394055542529,4.53400092223964
2,1,0,318.69,162284,-0.306272629753088,5.76421884346003,5.45794621370694
2,1,0,88.04,30153,0.158304492132106,4.47779125665826,4.63609574879037
2,1,0,5162.92,2522341,0.581338957050017,8.54925758989228,9.13059654694229
2,1,1,597.21,213704,0,6.39226881033395,6.39226881033395
2,1,1,129.44,47589,0,4.86321745331018,4.86321745331018
2,1,1,94.8,47251,0,4.55176940926098,4.55176940926098
2,1,1,182.93,59369,0,5.20910356600321,5.20910356600321
2,1,1,107.37,61695,0,4.67628081344604,4.67628081344604
2,1,1,23.1,40634,0,3.13983261752775,3.13983261752775
2,1,1,4712.87,1631427,0,8.45805234326302,8.45805234326302
2,1,1,779.53,232521,0,6.65869117396636,6.65869117396636
2,1,1,137.19,50067,0,4.92136682633807,4.92136682633807
2,1,1,156.34,18221,0,5.05203312279218,5.05203312279218
2,1,1,149.71,32164,0,5.00870008946175,5.00870008946175
2,1,1,295.12,59509,0,5.68738205328842,5.68738205328842
2,1,1,29.02,2802,0,3.36798524745604,3.36798524745604
2,1,1,5373.06,1597528,0,8.58915285761231,8.58915285761231
2,1,1,1557.98,435444,0,7.35114538937782,7.35114538937782
2,1,1,329.74,133272,0,5.79830446513303,5.79830446513303
2,1,1,320.71,150031,0,5.7705372880028,5.7705372880028
2,1,1,210.91,15193,0,5.35143150219752,5.35143150219752
2,1,1,576.63,137963,0,6.35720081298715,6.35720081298715
2,1,1,56.96,144950,0,4.04234926710372,4.04234926710372
2,1,1,9805.53,2918359,0,9.19070179122363,9.19070179122363
2,1,1,8009.92,1992027,0,8.98843605249692,8.98843605249692
2,1,1,1407.85,332194,0,7.24981899695192,7.24981899695192
2,1,1,806,209824,0,6.69208374250663,6.69208374250663
2,1,1,1380.85,398103,0,7.2304545305658,7.2304545305658
2,1,1,1496.62,282000,0,7.31096451118118,7.31096451118118
2,1,1,267.8,95457,0,5.59024043325707,5.59024043325707
2,1,1,44511.41,10315455,0,10.7035008397827,10.7035008397827
2,2,0,679.46,582788,0.00424829268224013,6.52129836504465,6.52554665772689
2,2,0,98.43,91135,-0.0205156414887175,4.58934563564112,4.5688299941524
2,2,0,60.48,90425,-0.0566043341988347,4.10231273187128,4.04570839767244
2,2,0,434.05,153794,-0.15510078761995,6.07315973483782,5.91805894721787
2,2,0,516.01,253258,-0.157806006329617,6.24612614513874,6.08832013880912
2,2,0,25.01,7797,0.345625411190253,3.21927574488953,3.56490115607978
2,2,0,7185.14,5121951,-0.000843376717079801,8.87977028336157,8.87892690664449
2,2,0,638.08,350944,-0.233442926174608,6.45846366733342,6.22502074115881
2,2,0,117.12,141774,0.112961011693024,4.763199050213,4.87616006190602
2,2,0,52.69,58588,0.31543609588902,3.96442568422119,4.27986178011021
2,2,0,408.69,136288,0.128779558791582,6.01295692244608,6.14173648123766
2,2,0,168.09,150740,-0.333297699349262,5.1244995502453,4.79120185089604
2,2,0,523.36,100822,-0.386584611667317,6.26026956379007,5.87368495212276
2,2,0,141.28,57916,-0.4427400284,4.95074373685565,4.50800370845565
2,2,0,25.84,42167,-0.385331939360399,3.2519236789144,2.866591739554
2,2,0,6506.72,2457197,-0.379674428110549,8.78059076798669,8.40091633987614
2,2,0,687.29,382872,0.756801226583557,6.53275632833453,7.28955755491809
2,2,0,68.91,7480,-0.597118625977215,4.23280130536912,3.6356826793919
2,2,0,294.06,88500,0.172039509841317,5.68378382814951,5.85582333799083
2,2,0,154.39,42607,-0.248198189652971,5.03948186865384,4.79128367900086
2,2,0,446.83,116227,0.442205152638035,6.10217820907706,6.54438336171509
2,2,0,28.91,4521,0.264440697093998,3.36418755602825,3.62862825312225
2,2,0,5783.55,1907609,-0.375266873599892,8.66277295998208,8.28750608638219
2,2,1,661.35,257851,0,6.49428320047206,6.49428320047206
2,2,1,139.58,29492,0,4.93863791358901,4.93863791358901
2,2,1,67.99,4835,0,4.21936063553837,4.21936063553837
2,2,1,198.46,11144,0,5.2905875684861,5.2905875684861
2,2,1,151.85,18943,0,5.02289319149176,5.02289319149176
2,2,1,120.11,55231,0,4.7884079895664,4.7884079895664
2,2,1,33.1,1878,0,3.49953328238302,3.49953328238302
2,2,1,5316.84,1682243,0,8.57863442089433,8.57863442089433
2,2,1,848.62,265184,0,6.74361150072052,6.74361150072052
2,2,1,129.16,20054,0,4.86105194589007,4.86105194589007
2,2,1,149.52,40010,0,5.00743016314731,5.00743016314731
2,2,1,214.27,21497,0,5.36723690201263,5.36723690201263
2,2,1,431.35,89520,0,6.06691982552259,6.06691982552259
2,2,1,176.7,25944,0,5.17445337932565,5.17445337932565
2,2,1,50.75,10388,0,3.9269116179219,3.9269116179219
2,2,1,6273.26,1437097,0,8.74405143471112,8.74405143471112
2,2,1,1741.3,502889,0,7.46238723968534,7.46238723968534
2,2,1,358.55,108381,0,5.88206812032858,5.88206812032858
2,2,1,286.92,49960,0,5.65920343125823,5.65920343125823
2,2,1,192.9,11847,0,5.26217191991168,5.26217191991168
2,2,1,398.56,135284,0,5.98785805151387,5.98785805151387
2,2,1,356.8,25779,0,5.87717540070585,5.87717540070585
2,2,1,103.3,27406,0,4.63763737612559,4.63763737612559
2,2,1,9358.84,2466406,0,9.14407663016755,9.14407663016755
2,2,1,2021.95,520377,0,7.61181767128259,7.61181767128259
2,2,1,859.65,95241,0,6.75652532966586,6.75652532966586
2,2,1,1856.01,323882,0,7.52618430126267,7.52618430126267
2,2,1,3817.88,503384,0,8.24745057372366,8.24745057372366
2,2,1,2125.92,463818,0,7.661959928843,7.661959928843
2,2,1,407.26,89166,0,6.00945180212237,6.00945180212237
2,3,0,703.88,547349,-0.394089443300631,6.55660788708356,6.16251844378293
2,3,0,39.68,5422,-0.327474599100943,3.68084728241667,3.35337268331573
2,3,0,461.44,121470,-0.444049860599364,6.13435203465653,5.69030217405717
2,3,0,209.99,234736,-0.175533992105316,5.34705991053603,5.17152591843071
2,3,0,633.85,241224,-0.111171734793557,6.45181233338474,6.34064059859118
2,3,0,142,68256,0.210870830596091,4.95582705760126,5.16669788819735
2,3,0,23.45,8396,-0.131593973998144,3.15487049489229,3.02327652089414
2,3,0,700.59,286946,-0.186619841911965,6.55192283718165,6.36530299526968
2,3,0,44.37,31442,-0.403974173571191,3.79256356539082,3.38858939181963
2,3,0,422.88,14982,0.0788769847351953,6.04708845085598,6.12596543559117
2,3,0,177.47,154791,-0.120181141078994,5.17880158054647,5.05862043946748
2,3,0,669.34,114629,0.257442948238102,6.50629215225327,6.76373510049137
2,3,0,27.39,31442,-0.0843398619295864,3.31017798327499,3.2258381213454
2,3,0,6988.9,2634269,0.43225664494376,8.85207845517617,9.28433510011993
2,3,0,724.49,189534,0.1098867824576,6.58546795904298,6.69535474150058
2,3,0,275.9,40454,0.107642847856833,5.62003848122324,5.72768132908007
2,3,0,162.92,33909,0.403991392322226,5.09325928278021,5.49725067510244
2,3,0,576.1,55806,-0.113928041736128,6.35628125673834,6.24235321500221
2,3,0,140.05,76834,0.184898012499973,4.94199950170612,5.12689751420609
2,3,0,6034.63,2107152,0.397372716439874,8.7052698226215,9.10264253906137
2,3,1,679.01,197187,0,6.52063585499075,6.52063585499075
2,3,1,119.96,62674,0,4.78715835388081,4.78715835388081
2,3,1,468.53,75634,0,6.14960013377993,6.14960013377993
2,3,1,147.89,84248,0,4.99646875417868,4.99646875417868
2,3,1,41.4,35685,0,3.72328088083127,3.72328088083127
2,3,1,5496.81,1473149,0,8.6119232029555,8.6119232029555
2,3,1,946.01,199324,0,6.85225313982053,6.85225313982053
2,3,1,172.42,27067,0,5.14993336078178,5.14993336078178
2,3,1,104.52,34911,0,4.64937844065241,4.64937844065241
2,3,1,209.61,81779,0,5.34524866123247,5.34524866123247
2,3,1,515.69,77953,0,6.24550580975004,6.24550580975004
2,3,1,189.16,21942,0,5.24259321777568,5.24259321777568
2,3,1,55.8,23456,0,4.02177386938726,4.02177386938726
2,3,1,6442.14,1506141,0,8.77061606203625,8.77061606203625
2,3,1,1702.76,491502,0,7.44000574295692,7.44000574295692
2,3,1,332.17,21654,0,5.80564688605732,5.80564688605732
2,3,1,306.21,72861,0,5.72427114108352,5.72427114108352
2,3,1,193.65,11444,0,5.26605240596076,5.26605240596076
2,3,1,452.37,201310,0,6.11450042904581,6.11450042904581
2,3,1,834.26,182641,0,6.72654510437415,6.72654510437415
2,3,1,367,76297,0,5.90536184805457,5.90536184805457
2,3,1,126.83,27834,0,4.84284760707934,4.84284760707934
2,3,1,10730.07,2038707,0,9.28080535936861,9.28080535936861
2,3,1,10469.92,1401833,0,9.25626166295669,9.25626166295669
2,3,1,2071.24,353788,0,7.6359027407267,7.6359027407267
2,3,1,2180.19,324185,0,7.68716730794858,7.68716730794858
2,3,1,2435.19,468488,0,7.79778006122004,7.79778006122004
2,3,1,4857.97,605098,0,8.48837593416224,8.48837593416224
2,3,1,2416.4,349608,0,7.79003410826459,7.79003410826459
2,3,1,704.42,134382,0,6.55737476917752,6.55737476917752
2,3,1,60140.2,10518198,0,11.0044337821107,11.0044337821107
2,4,0,1493.99,1107859,-0.108949170307364,7.30920567222993,7.20025650192257
2,4,0,131.48,103393,-0.399163095658974,4.87885474879602,4.47969165313704
2,4,0,88.79,112948,0.217198275835612,4.48627403104424,4.70347230687985
2,4,0,774.1,121494,-0.015149493487805,6.65170106421067,6.63655157072286
2,4,0,372.41,369471,-0.114180966688291,5.91999539788878,5.80581443120049
2,4,0,1295.44,492597,0.361308706484207,7.16660568476522,7.52791439124942
2,4,0,240.77,51380,0.350319148799,5.48384212095574,5.83416126975474
2,4,0,44.59,20312,0.0555711989086474,3.79750961863939,3.85308081754803
2,4,0,13502.14,7243260,0.0741614379845452,9.51060347038231,9.58476490836685
2,4,0,1402.82,614064,-0.0120410204954711,7.24623977536428,7.2341987548688
2,4,0,157.16,37643,0.464246944120463,5.05726439469026,5.52151133881072
2,4,0,87.93,16203,-0.104356455014624,4.47654104339091,4.37218458837629
2,4,0,727.28,212362,-0.152448529227473,6.5893115478136,6.43686301858613
2,4,0,317.39,204612,-0.152486380027652,5.76013130160985,5.6076449215822
2,4,0,1299.16,566535,0.752471590594215,7.16947318075611,7.92194477135032
2,4,0,250.94,128549,0.411853631463109,5.52521386673155,5.93706749819466
2,4,0,52.96,35588,-0.150942909678933,3.96953691162875,3.81859400194982
2,4,0,12692.5,4327298,0.429290524636112,9.44876654682155,9.87805707145766
2,4,0,177.33,45982,0.0656077616062549,5.17801240350439,5.24362016511064
2,4,0,107.04,14953,-0.540463471840217,4.67320259637992,4.1327391245397
2,4,0,497.4,38416,-0.096169009541173,6.2093945313693,6.11322552182813
2,4,0,280.1,235331,-0.530176820340856,5.63514668226606,5.10496986192521
2,4,0,1084.19,166621,0.128765680578641,6.98858844339318,7.11735412397182
2,4,0,246.24,35221,-0.489818161817206,5.50630667009057,5.01648850827336
2,4,0,61.36,83511,0.501207236020618,4.116758157059,4.61796539307962
2,4,0,10957.97,3353774,-0.723717335394911,9.30182232436875,8.57810498897384
2,4,1,1335.57,358249,0,7.19711344600231,7.19711344600231
2,4,1,229.51,18246,0,5.43594660153607,5.43594660153607
2,4,1,126.18,1916,0,4.83770945894266,4.83770945894266
2,4,1,364.11,34707,0,5.89745601978638,5.89745601978638
2,4,1,873.94,170727,0,6.77301172341344,6.77301172341344
2,4,1,241.3,86801,0,5.48604097263099,5.48604097263099
2,4,1,76.9,19358,0,4.3425058765116,4.3425058765116
2,4,1,9689.88,2107274,0,9.1788373209072,9.1788373209072
2,4,1,1685.23,547932,0,7.42965733198771,7.42965733198771
2,4,1,323.48,38665,0,5.77913728822762,5.77913728822762
2,4,1,349.22,6779,0,5.85570209609398,5.85570209609398
2,4,1,390.21,161309,0,5.96668505574376,5.96668505574376
2,4,1,986.77,230920,0,6.89443698289595,6.89443698289595
2,4,1,329.99,51133,0,5.79906235097108,5.79906235097108
2,4,1,115.65,25988,0,4.75056838867745,4.75056838867745
2,4,1,3057.73,579356,0,8.02542808958899,8.02542808958899
2,4,1,665.09,142262,0,6.49992236984431,6.49992236984431
2,4,1,347.66,62709,0,5.85122499069339,5.85122499069339
2,4,1,1508.43,206813,0,7.31882465381013,7.31882465381013
2,4,1,19012.21,3816718,0,9.85283668332827,9.85283668332827
2,4,1,21848.06,3502535,0,9.99186740939657,9.99186740939657
2,4,1,4430.43,836130,0,8.39625192379139,8.39625192379139
2,4,1,4695.14,528367,0,8.45428321015412,8.45428321015412
2,4,1,1818.17,101358,0,7.50558577971663,7.50558577971663
2,4,1,4808.39,850044,0,8.47811758773407,8.47811758773407
2,4,1,10510.83,1174270,0,9.26016143316007,9.26016143316007
2,4,1,1853.07,319803,0,7.52459900215036,7.52459900215036
2,4,1,121293.07,18245026,0,11.7059649622201,11.7059649622201
2,5,0,217.27,161646,-0.357834672339908,5.38114081974715,5.02330614740724
2,5,0,24.81,4656,-0.256040501106305,3.21124679770371,2.95520629659741
2,5,0,14.58,2810,0.619353818609618,2.67965072658051,3.29900454519013
2,5,0,96.11,43315,-0.306696590737137,4.56549336883519,4.25879677809806
2,5,0,58.14,32595,-0.0512256552922003,4.06285389513073,4.01162823983853
2,5,0,182.69,61055,-0.241937261694865,5.20779072734848,4.96585346565361
2,5,0,40.3,35437,-0.0315361428460151,3.69635146895264,3.66481532610662
2,5,0,5.82,6656,0.0174991682711009,1.76130026174335,1.77879943001445
2,5,0,1933.36,1001018,-0.202310358524869,7.56701470087472,7.36470434234986
2,5,0,211.17,113635,-0.179096776950682,5.35266349628815,5.17356671933747
2,5,0,89.19,23893,-0.316335790254557,4.49076892567812,4.17443313542356
2,5,0,58.24,24691,0.427763040526023,4.06457240388843,4.49233544441445
2,5,0,208.24,29123,0.0408558307106637,5.33869126068631,5.37954709139697
2,5,0,56.58,1758,-0.133398962173258,4.03565556587342,3.90225660370016
2,5,0,8.09,4834,0.368747310239374,2.0906287310704,2.45937604130977
2,5,0,1976.19,1044585,0.0510603863251563,7.58892602753148,7.63998641385664
2,5,0,231.22,64911,-0.166138867619851,5.44336963824718,5.27723077062732
2,5,0,32.05,2536,0.418419113816004,3.46729718336668,3.88571629718268
2,5,0,14.51,1453,0.66228370905845,2.6748380668961,3.33712177595455
2,5,0,56.66,5473,-0.158905566267743,4.03706849440237,3.87816292813463
2,5,0,48.09,8258,0.0760021521810852,3.87307425528957,3.94907640747066
2,5,0,175.31,16559,-0.0408807957761517,5.16655583536578,5.12567503958963
2,5,0,46.96,7541,-0.238996275032355,3.84929617551984,3.61029990048749
2,5,0,1710.73,352227,-0.21990802950376,7.44467545898537,7.22476742948161
2,5,1,229.87,70312,0,5.43751393173633,5.43751393173633
2,5,1,17.05,2320,0,2.83615020372953,2.83615020372953
2,5,1,51.82,37247,0,3.94777617513396,3.94777617513396
2,5,1,151.72,16448,0,5.0220367168207,5.0220367168207
2,5,1,50.32,17564,0,3.91840261239218,3.91840261239218
2,5,1,11.86,36323,0,2.47317139356958,2.47317139356958
2,5,1,1513.6,391430,0,7.32224619829761,7.32224619829761
2,5,1,290.33,99863,0,5.67101820706223,5.67101820706223
2,5,1,56.82,9871,0,4.03988837642604,4.03988837642604
2,5,1,77.17,49022,0,4.34601078046951,4.34601078046951
2,5,1,167.47,20196,0,5.12080423074639,5.12080423074639
2,5,1,81.9,72912,0,4.40549899085902,4.40549899085902
2,5,1,28.4,8215,0,3.34638914516716,3.34638914516716
2,5,1,1872.74,725258,0,7.53515787807271,7.53515787807271
2,5,1,128.85,16730,0,4.85864893709837,4.85864893709837
2,5,1,96.56,13046,0,4.57016457678928,4.57016457678928
2,5,1,43.29,390,0,3.76792166145389,3.76792166145389
2,5,1,149.8,12686,0,5.00930107108312,5.00930107108312
2,5,1,265.29,45599,0,5.58082356725575,5.58082356725575
2,5,1,135.47,41245,0,4.90875021359265,4.90875021359265
2,5,1,55.22,70624,0,4.01132520650201,4.01132520650201
2,5,1,3457.83,764745,0,8.14839650366983,8.14839650366983
2,5,1,3359.9,604369,0,8.11966649060959,8.11966649060959
2,5,1,606.13,142803,0,6.40709448451502,6.40709448451502
2,5,1,610.72,109950,0,6.41463858899692,6.41463858899692
2,5,1,207.66,36294,0,5.33590212687531,5.33590212687531
2,5,1,257.73,51190,0,5.55191252531807,5.55191252531807
2,5,1,16948.62,3131530,0,9.73794169356494,9.73794169356494
2,6,0,572.91,404731,0.00429138809579791,6.35072863631543,6.35502002441123
2,6,0,44.41,2524,0.369283280103989,3.79346466930401,4.162747949408
2,6,0,23.13,5192,-0.231482386201912,3.14113047624335,2.90964809004144
2,6,0,197.5,46327,0.348594403972667,5.28573858434118,5.63433298831384
2,6,0,138.07,118047,0.000469628282300017,4.92776080292806,4.92823043121036
2,6,0,444.98,355284,-0.01623618568193,6.09802933733601,6.08179315165408
2,6,0,84.17,66584,0.12482304678734,4.43283856322349,4.55766161001083
2,6,0,30.55,5871,0.331966033374274,3.4193646856176,3.75133071899188
2,6,0,4295.2,2540690,0.413678419877637,8.36525339910836,8.778931818986
2,6,0,503.2,272422,-0.0170633671416011,6.22098770538623,6.20392433824463
2,6,0,54.76,7805,0.216733279444697,4.00296000042025,4.21969327986494
2,6,0,155.64,54065,0.144748137930563,5.04754564811635,5.19229378604692
2,6,0,121.24,77633,0.584007029753006,4.7977720521896,5.38177908194261
2,6,0,455.65,155704,-1.07556151168514,6.12172497094214,5.04616345925699
2,6,0,86.44,7725,0.00836180990119607,4.45945053163869,4.46781234153988
2,6,0,3990.8,1423093,0.117105404912788,8.29174699103935,8.40885239595214
2,6,0,507.75,169303,-0.253406327857114,6.22998920046049,5.97658287260338
2,6,0,55.57,8610,0.00073115732633688,4.01764348729183,4.01837464461817
2,6,0,106.79,6486,-0.340038120476619,4.67086428918345,4.33082616870684
2,6,0,104.27,18043,0.291594807819424,4.6469836888015,4.93857849662093
2,6,0,372.07,53188,0.0569793326491583,5.91908200861402,5.97606134126318
2,6,0,76.26,4736,0.715843726890372,4.33414855442942,5.04999228131979
2,6,0,35.48,2289,0.097947997506865,3.56896915744138,3.66691715494824
2,6,0,3470.02,1013321,0.308173230805901,8.15191563661306,8.46008886741896
2,6,1,70.27,6864,0,4.25234496520411,4.25234496520411
2,6,1,92.99,32158,0,4.53249196049011,4.53249196049011
2,6,1,89.64,4864,0,4.49580164893273,4.49580164893273
2,6,1,285.72,49974,0,5.65501231028677,5.65501231028677
2,6,1,42.98,6623,0,3.76073489121436,3.76073489121436
2,6,1,518.47,118651,0,6.25088216678642,6.25088216678642
2,6,1,96.83,9580,0,4.57295686362344,4.57295686362344
2,6,1,122.15,40820,0,4.80524979770375,4.80524979770375
2,6,1,301.84,81184,0,5.70989707565605,5.70989707565605
2,6,1,100.55,11208,0,4.61065511621866,4.61065511621866
2,6,1,66.47,39787,0,4.19675071805349,4.19675071805349
2,6,1,3279.28,756142,0,8.09537916508674,8.09537916508674
2,6,1,209.98,71372,0,5.34701228808679,5.34701228808679
2,6,1,165.79,55283,0,5.11072192725137,5.11072192725137
2,6,1,80.16,10539,0,4.38402463733655,4.38402463733655
2,6,1,546.95,80714,0,6.3043573905658,6.3043573905658
2,6,1,199.47,9307,0,5.29566384908247,5.29566384908247
2,6,1,137.44,40319,0,4.92318745823595,4.92318745823595
2,6,1,5716.97,1097124,0,8.65119422374277,8.65119422374277
2,6,1,6871.94,1148035,0,8.83520173254332,8.83520173254332
2,6,1,1358.02,177092,0,7.21378303555069,7.21378303555069
2,6,1,1305.97,142010,0,7.17470133866902,7.17470133866902
2,6,1,3172.45,321914,0,8.06225943902305,8.06225943902305
2,6,1,1369.78,391112,0,7.22240542198558,7.22240542198558
2,6,1,792.12,127778,0,6.67471289548868,6.67471289548868
2,6,1,35319.16,5765190,0,10.4721808718756,10.4721808718756
2,7,0,36.94,15613,-0.0896131478697055,3.60929497477109,3.51968182690139
2,7,0,28.33,3005,0.014450364024532,3.34392131384243,3.35837167786696
2,7,0,20.84,5072,0.223475844041628,3.03687421688517,3.26035006092679
2,7,0,342.29,157981,0.171478657836819,5.83565833096976,6.00713698880657
2,7,0,33.57,6068,0.245996904985984,3.51363281099194,3.75962971597793
2,7,0,22.69,1410,-0.00290186751230201,3.12192429879175,3.11902243127945
2,7,0,10.46,33342,-0.487793119200531,2.34755845863678,1.85976533943625
2,7,0,349.42,145126,0.108265778083264,5.8562746370463,5.96454041512956
2,7,0,35.15,2200,-0.0934634088921265,3.55962461825667,3.46616120936455
2,7,0,18.8,1588,0.331172836478829,2.9338568698359,3.26502970631473
2,7,0,18.54,31442,-0.116851134427679,2.91993056013771,2.80307942571003
2,7,0,8.4,2800,0.0617263402235401,2.12823170584927,2.18995804607281
2,7,1,27.49,1329,0,3.31382230217715,3.31382230217715
2,7,1,258.15,15880,0,5.55354081132566,5.55354081132566
2,7,1,38.56,12590,0,3.65221546974235,3.65221546974235
2,7,1,267.12,11642,0,5.5876979956354,5.5876979956354
2,7,1,63.98,6574,0,4.15857053452137,4.15857053452137
2,7,1,16.87,7333,0,2.82553689655788,2.82553689655788
2,7,1,453.04,81464,0,6.11598042180555,6.11598042180555
2,7,1,420.95,16802,0,6.04251406178367,6.04251406178367
2,7,1,39.14,1012,0,3.66714496196793,3.66714496196793
2,7,1,81.78,3065,0,4.4040327149365,4.4040327149365
2,7,1,193.89,32827,0,5.26729098794291,5.26729098794291
2,7,1,71.27,603,0,4.26647548151378,4.26647548151378
2,7,1,31.36,1021,0,3.44553319548221,3.44553319548221
2,7,1,2873.7,381570,0,7.96335567705696,7.96335567705696
3,1,0,213.38,244561,-0.229209775476157,5.36307461376331,5.13386483828716
3,1,0,76.97,187544,0.164218355371279,4.34341573554623,4.5076340909175
3,1,0,60.42,18624,-0.0249749346363906,4.10132017595853,4.07634524132214
3,1,0,60.89,81052,-0.353770130851847,4.10906895762048,3.75529882676864
3,1,0,53.3,52745,0.106773622272278,3.9759363311718,4.08270995344408
3,1,0,104.58,168471,0.00528490112409843,4.64995232875998,4.65523722988408
3,1,0,12.91,42372,-0.0790616630545108,2.55800220485855,2.47894054180404
3,1,0,2375.34,1911772,0.482405902947617,7.77289586411737,8.25530176706498
3,1,0,276.13,106668,-0.00207736970760732,5.6208717693174,5.61879439960979
3,1,0,73.41,30232,0.0349270345349109,4.29606016612269,4.3309872006576
3,1,0,69.26,61941,0.333531121436613,4.23786753897428,4.57139866041089
3,1,0,73.29,66851,0.0174141408630478,4.29442417393776,4.31183831480081
3,1,0,52.25,57304,0.187647953015396,3.95603989084492,4.14368784386032
3,1,0,139.64,59193,0.109956958729053,4.93906768223684,5.04902464096589
3,1,0,42.93,5646,0.437510333238889,3.75957088223647,4.19708121547536
3,1,0,2472.22,1413344,0.0420340923513483,7.81287181138136,7.85490590373271
3,1,0,299.1,196119,0.0944658750502971,5.7007779656359,5.7952438406862
3,1,0,87.6,55966,-0.034629412839247,4.47278099794235,4.4381515851031
3,1,0,67.91,13026,0.288243468409192,4.2181832991257,4.50642676753489
3,1,0,65.39,2186,-0.299749076980323,4.18036934157318,3.88062026459286
3,1,0,60.44,23091,-0.081010639184324,4.10165113740454,4.02064049822021
3,1,0,135.85,74018,0.228057617283443,4.91155133587236,5.1396089531558
3,1,0,48.67,3044,-0.173440152832533,3.88506282384536,3.71162267101283
3,1,0,16.35,12589,-0.157138890055744,2.79422789734326,2.63708900728752
3,1,0,2411.79,1266725,-0.39495298837861,7.78812448938011,7.3931715010015
3,1,1,119.03,61145,0,4.77937556217979,4.77937556217979
3,1,1,69.52,67180,0,4.24161448095714,4.24161448095714
3,1,1,115.91,25912,0,4.75281402790065,4.75281402790065
3,1,1,59.11,3783,0,4.07940011483628,4.07940011483628
3,1,1,2419.59,905418,0,7.79135338330969,7.79135338330969
3,1,1,480.43,129476,0,6.17468153621607,6.17468153621607
3,1,1,164.22,133759,0,5.10120699228064,5.10120699228064
3,1,1,123.44,48811,0,4.81575520805491,4.81575520805491
3,1,1,50.82,4868,0,3.92828997789202,3.92828997789202
3,1,1,102.56,13127,0,4.63044799317236,4.63044799317236
3,1,1,159.79,44864,0,5.0738604531513,5.0738604531513
3,1,1,73.37,56128,0,4.2955151327259,4.2955151327259
3,1,1,32.92,1512,0,3.49408037580887,3.49408037580887
3,1,1,3214.83,1088795,0,8.07552975813526,8.07552975813526
3,1,1,327.3,100742,0,5.79087718150713,5.79087718150713
3,1,1,300.23,234344,0,5.7045488475841,5.7045488475841
3,1,1,303.79,70487,0,5.71633667322755,5.71633667322755
3,1,1,184.93,90830,0,5.21997737509678,5.21997737509678
3,1,1,62.38,62884,0,4.13324471117966,4.13324471117966
3,1,1,6151.48,3050824,0,8.7244479822554,8.7244479822554
3,1,1,4918.02,1326307,0,8.50066128946165,8.50066128946165
3,1,1,1398.19,342421,0,7.24293382199967,7.24293382199967
3,1,1,2349.67,142660,0,7.7620301717457,7.7620301717457
3,1,1,252.36,25307,0,5.53085663950261,5.53085663950261
3,1,1,881.09,195295,0,6.78115977735873,6.78115977735873
3,1,1,1520.51,307753,0,7.32680108387974,7.32680108387974
3,1,1,306,68657,0,5.72358510195238,5.72358510195238
3,1,1,26905.35,6783057,0,10.2000804305733,10.2000804305733
3,2,0,230.25,169977,-0.0125813584648218,5.43916567513542,5.42658431667059
3,2,0,52.01,49480,0.0952576697703863,3.95143600778498,4.04669367755537
3,2,0,42.02,19600,-0.479974280455882,3.73814569541685,3.25817141496097
3,2,0,72.26,15713,-0.069668745075901,4.28027072571949,4.21060198064359
3,2,0,63.55,45597,-0.04651969783996,4.15182699763546,4.1053072997955
3,2,0,140.48,24925,-0.276401240285575,4.94506512988681,4.66866388960123
3,2,0,41.12,29069,0.1417157987373,3.71649462114691,3.85821041988421
3,2,0,15.44,19159,-0.0399730850076483,2.73696154459663,2.69698845958898
3,2,0,2136.64,1188075,-0.0120905370418614,7.6669897806695,7.65489924362764
3,2,0,304.17,230024,-0.375024417634473,5.7175867556326,5.34256233799813
3,2,0,74.05,25481,-0.299231364551761,4.30474054071381,4.00550917616205
3,2,0,44.9,7212,-0.0622050241480456,3.80443779474821,3.74223277060016
3,2,0,71.95,12796,-0.0925166762341734,4.27597143333338,4.1834547570992
3,2,0,201.2,30337,-0.363015367231776,5.30429943822558,4.94128407099381
3,2,0,49.51,35898,0.0652983097429556,3.90217466937333,3.96747297911629
3,2,0,11.53,5716,0.398930324779342,2.44495233428097,2.84388265906031
3,2,0,2535.1,1050750,0.0533799905798601,7.837988362979,7.89136835355886
3,2,0,346.82,127469,0.0686295807260965,5.8488059133704,5.9174354940965
3,2,0,74.87,71451,-0.369460330962717,4.31575327624259,3.94629294527988
3,2,0,49.48,18584,-0.0512170918560777,3.90156854752429,3.85035145566821
3,2,0,67.62,11510,0.234911289992929,4.21390379727974,4.44881508727267
3,2,0,75.8,59922,-0.201932541655844,4.32809829264833,4.12616575099248
3,2,0,211.42,52349,0.305145732953018,5.35384667634052,5.65899240929353
3,2,0,58.59,19142,-0.16671394219534,4.0705640335567,3.90385009136136
3,2,0,2607.48,986926,-0.0284748017489933,7.86613951666334,7.83766471491435
3,2,1,398.7,121008,0,5.98820925438731,5.98820925438731
3,2,1,115.52,31036,0,4.74944367514452,4.74944367514452
3,2,1,61.44,15124,0,4.11806108883942,4.11806108883942
3,2,1,46.99,4809,0,3.84993481311472,3.84993481311472
3,2,1,81.79,79729,0,4.40415498674688,4.40415498674688
3,2,1,178.98,57389,0,5.18727406775471,5.18727406775471
3,2,1,73.74,13266,0,4.300545392806,4.300545392806
3,2,1,21.73,6506,0,3.07869379426834,3.07869379426834
3,2,1,2804.47,983263,0,7.93896985179722,7.93896985179722
3,2,1,577.94,164565,0,6.35947005705576,6.35947005705576
3,2,1,186.56,37312,0,5.22875290316213,5.22875290316213
3,2,1,99.25,70395,0,4.5976419195673,4.5976419195673
3,2,1,37.92,3340,0,3.63547867738682,3.63547867738682
3,2,1,114.6,36371,0,4.74144780428064,4.74144780428064
3,2,1,112.71,7993,0,4.72481814825399,4.72481814825399
3,2,1,49.52,7647,0,3.90237662837634,3.90237662837634
3,2,1,3785.59,1135808,0,8.2389570321914,8.2389570321914
3,2,1,1204.54,297189,0,7.09385303030386,7.09385303030386
3,2,1,348.05,87441,0,5.85234614761468,5.85234614761468
3,2,1,59.64,2113,0,4.08832648989654,4.08832648989654
3,2,1,233.04,55184,0,5.45121011265118,5.45121011265118
3,2,1,401.81,79575,0,5.99597934007511,5.99597934007511
3,2,1,229.04,63658,0,5.43389666078986,5.43389666078986
3,2,1,113.66,69056,0,4.73321153586898,4.73321153586898
3,2,1,7232.56,2168736,0,8.8863483327025,8.8863483327025
3,2,1,6206.24,1529817,0,8.73331051651323,8.73331051651323
3,2,1,1778.53,442424,0,7.48354245939356,7.48354245939356
3,2,1,1574.59,408143,0,7.36175019991094,7.36175019991094
3,2,1,257.82,34524,0,5.55226166701496,5.55226166701496
3,2,1,1214.18,253711,0,7.10182423080973,7.10182423080973
3,2,1,502.83,92809,0,6.22025214080728,6.22025214080728
3,3,0,252.96,165902,-0.179070915818068,5.53323137346116,5.35416045764309
3,3,0,42.39,19085,-0.225095230755344,3.74691248536455,3.5218172546092
3,3,0,61.57,47058,0.155714493912528,4.12017473892312,4.27588923283565
3,3,0,171.47,101601,0.0700237091268492,5.14440832419076,5.21443203331761
3,3,0,37.76,7103,0.0894480158073028,3.6312503412773,3.7206983570846
3,3,0,14.17,31442,0.0175098707788878,2.65112705370259,2.66863692448148
3,3,0,2164.34,1266124,-0.0710136660244669,7.67987074407589,7.60885707805142
3,3,0,354.49,270211,-0.00655336066426709,5.8706801368296,5.86412677616533
3,3,0,56.21,45695,-0.0634437358278303,4.02909467701398,3.96565094118615
3,3,0,33.16,6939,-0.0648018118456725,3.50134433026709,3.43654251842142
3,3,0,72.74,12904,0.0370112594890185,4.28689143955884,4.32390269904786
3,3,0,88.73,26769,0.0339808957365238,4.48559805084725,4.51957894658377
3,3,0,55.78,21727,0.00753617129780102,4.02141538219934,4.02895155349714
3,3,0,26.57,7009,-0.089416986523578,3.27978275977172,3.19036577324814
3,3,0,2691.01,1261608,0.351460717598469,7.89767186681067,8.24913258440914
3,3,0,388.74,131184,0.294401509453416,5.96291073968992,6.25731224914334
3,3,0,71.36,44201,0.14669401157273,4.26773748827175,4.41443149984448
3,3,0,38.48,4375,0.197473353047553,3.65013862579751,3.84761197884506
3,3,0,71.03,5964,0.191633240227933,4.26310232300972,4.45473556323765
3,3,0,86.96,42621,0.017540667683867,4.46544824281295,4.48298891049682
3,3,0,250.19,173266,-0.246737010397973,5.52222062920849,5.27548361881052
3,3,0,75,39333,-0.13641587633657,4.31748811353631,4.18107223719974
3,3,0,34.92,22418,-0.682519675411457,3.5530597309714,2.87054005555994
3,3,0,2786.03,858717,-0.0874223518085212,7.93237292240812,7.8449505705996
3,3,1,106.66,51072,0,4.66964620517246,4.66964620517246
3,3,1,50.85,34954,0,3.92888012249457,3.92888012249457
3,3,1,93.52,4737,0,4.53817531716381,4.53817531716381
3,3,1,229.73,69250,0,5.43690470630408,5.43690470630408
3,3,1,93.86,23703,0,4.54180431036627,4.54180431036627
3,3,1,35.25,33142,0,3.56246552925828,3.56246552925828
3,3,1,2823.71,804353,0,7.9458069021219,7.9458069021219
3,3,1,623.39,164990,0,6.43517232613945,6.43517232613945
3,3,1,165.36,49197,0,5.10812491537351,5.10812491537351
3,3,1,107.24,9345,0,4.67506931336776,4.67506931336776
3,3,1,115.89,33965,0,4.7526414653463,4.7526414653463
3,3,1,289.39,64812,0,5.6677752593502,5.6677752593502
3,3,1,68.28,5923,0,4.22361689792624,4.22361689792624
3,3,1,3795.31,1102967,0,8.24152137292309,8.24152137292309
3,3,1,331.56,160170,0,5.80380878872333,5.80380878872333
3,3,1,244.41,112398,0,5.49884714299066,5.49884714299066
3,3,1,285.97,72538,0,5.65588691021308,5.65588691021308
3,3,1,501.96,79132,0,6.21852043524211,6.21852043524211
3,3,1,260.81,66095,0,5.56379217287568,5.56379217287568
3,3,1,6982.23,2296256,0,8.85112362897288,8.85112362897288
3,3,1,6637.23,1109910,0,8.80044998675672,8.80044998675672
3,3,1,319.83,49844,0,5.76778960463049,5.76778960463049
3,3,1,1402.18,204355,0,7.24578344737062,7.24578344737062
3,3,1,2650.35,436313,0,7.88244698573077,7.88244698573077
3,3,1,1414.4,314402,0,7.25446069188338,7.25446069188338
3,3,1,36595.09,7765626,0,10.5076693573847,10.5076693573847
3,4,0,559.52,333333,0.0891907870367447,6.32707927331507,6.41627006035181
3,4,0,79.18,83389,0.213629093637625,4.37172374167799,4.58535283531561
3,4,0,52.97,10472,0.757316687784691,3.96972571555644,4.72704240334113
3,4,0,139.86,13468,-0.310138294048344,4.94064192227572,4.63050362822738
3,4,0,125.06,139195,0.234439003623612,4.82879362213915,5.06323262576276
3,4,0,395.86,101041,0.0945276759166324,5.98106061339259,6.07558828930922
3,4,0,65.27,13716,0.17442945456645,4.17853251264713,4.35296196721358
3,4,0,25.95,14203,-0.0666292807862749,3.2561716096119,3.18954232882562
3,4,0,4174.3,2028574,0.357036289796499,8.33670195855701,8.6937382483535
3,4,0,759.38,461748,-0.296687248205855,6.63250231086938,6.33581506266352
3,4,0,95.99,12058,0.0340306180173691,4.56424401937545,4.59827463739281
3,4,0,61.91,10300,0.256373818015426,4.12568171753114,4.38205553554657
3,4,0,162.43,38966,0.257024157771214,5.0902471397313,5.34727129750252
3,4,0,581.13,233888,-0.351902561124405,6.36497448397459,6.01307192285019
3,4,0,141.7,85892,-0.189643626682355,4.95371214669663,4.76406852001428
3,4,0,33.05,13031,-0.257775933695051,3.4980215662977,3.24024563260264
3,4,0,5179.78,2133862,0.292222415021824,8.55251786330914,8.84474027833096
3,4,0,140.89,22634,0.331591260757376,4.94797944406519,5.27957070482256
3,4,0,80.68,3416,-0.315249067277149,4.39049071308601,4.07524164580886
3,4,0,120.58,70053,-0.0629861673506704,4.79231343306126,4.72932726571059
3,4,0,168.89,23087,-0.413183923835382,5.12924761542983,4.71606369159445
3,4,0,566.4,143467,-0.37338253625106,6.33930054237951,5.96591800612845
3,4,0,141.85,34102,-0.339046471655093,4.95477016125486,4.61572368959977
3,4,0,59.83,41928,0.337725433629765,4.09150720740194,4.4292326410317
3,4,0,5273.39,1769366,-0.402317865453899,8.57042869848708,8.16811083303318
3,4,1,930.38,294693,0,6.83559310484271,6.83559310484271
3,4,1,186.23,91535,0,5.22698246894341,5.22698246894341
3,4,1,103.32,12215,0,4.63783096822764,4.63783096822764
3,4,1,202.06,71636,0,5.30856468299959,5.30856468299959
3,4,1,507.25,47506,0,6.22900397870592,6.22900397870592
3,4,1,153.52,81848,0,5.03383085169944,5.03383085169944
3,4,1,5361.38,1551046,0,8.58697668361359,8.58697668361359
3,4,1,1240.15,441578,0,7.12298761902501,7.12298761902501
3,4,1,271.62,87667,0,5.60440403067592,5.60440403067592
3,4,1,229.54,83355,0,5.43607730625252,5.43607730625252
3,4,1,95.75,8741,0,4.56174062806076,4.56174062806076
3,4,1,240.02,28430,0,5.4807222532033,5.4807222532033
3,4,1,132.37,7701,0,4.88560103172568,4.88560103172568
3,4,1,7316.31,2030248,0,8.89786138149441,8.89786138149441
3,4,1,2278.6,444371,0,7.73131649826402,7.73131649826402
3,4,1,504.36,103196,0,6.22329029880503,6.22329029880503
3,4,1,124.82,31519,0,4.8268726995059,4.8268726995059
3,4,1,520.21,116043,0,6.25423257620541,6.25423257620541
3,4,1,483.93,64380,0,6.18194026815781,6.18194026815781
3,4,1,317.12,150041,0,5.75928025114162,5.75928025114162
3,4,1,13375.57,3207923,0,9.50118518767857,9.50118518767857
3,4,1,14598.67,2526990,0,9.58868570765653,9.58868570765653
3,4,1,3769.94,775364,0,8.23481436519605,8.23481436519605
3,4,1,3657.95,731869,0,8.20465816018599,8.20465816018599
3,4,1,639.63,13695,0,6.46088988417502,6.46088988417502
3,4,1,3018.7,485071,0,8.01258155411671,8.01258155411671
3,4,1,6256.55,730785,0,8.74138419396182,8.74138419396182
3,4,1,2890.19,676893,0,7.96907752289008,7.96907752289008
3,4,1,2160,380519,0,7.67786350067821,7.67786350067821
3,4,1,79614.96,13203616,0,11.2849572938725,11.2849572938725
3,5,0,66.18,86991,0.20230794464955,4.19237830249347,4.39468624714302
3,5,0,12.2,4206,-0.0201782222340613,2.50143595173921,2.48125772950515
3,5,0,12.55,31442,-0.190266857204617,2.52972066557779,2.33945380837318
3,5,0,16.22,617,0.0838394289720768,2.78624504868727,2.87008447765934
3,5,0,45.16,1606,0.170252467720869,3.81021173928146,3.98046420700233
3,5,0,10.26,8787,0.0581783108263377,2.32825283974262,2.38643115056896
3,5,0,582.17,288772,0.0438136309806975,6.36676250129957,6.41057613228027
3,5,0,14.67,1234,-0.465645460068767,2.68580459215489,2.22015913208612
3,5,0,23.38,10834,0.38951695967997,3.15188095604392,3.54139791572389
3,5,0,682.07,251890,0.378754365847761,6.5251322918726,6.90388665772036
3,5,0,106.06,52060,-0.572947697743697,4.66400497170898,4.09105727396529
3,5,0,25.79,5523,-0.278268942283295,3.24998681989325,2.97171787760996
3,5,0,12.55,901,-0.22368414828524,2.52972066557779,2.30603651729255
3,5,0,28.41,1300,-0.388914663154191,3.3467411958661,2.95782653271191
3,5,0,69.25,10121,-0.195483209976897,4.23772314506745,4.04223993509055
3,5,0,696.56,270042,-0.625073754246283,6.54615393452036,5.92108018027408
3,5,1,122.77,40268,0,4.81031268619275,4.81031268619275
3,5,1,28.66,1100,0,3.35550242240003,3.35550242240003
3,5,1,71.37,11034,0,4.26787761298298,4.26787761298298
3,5,1,22.78,3056,0,3.12588295801904,3.12588295801904
3,5,1,741.23,249540,0,6.60831096849768,6.60831096849768
3,5,1,186.4,97634,0,5.22789490225149,5.22789490225149
3,5,1,39.3,32030,0,3.67122451887522,3.67122451887522
3,5,1,31.63,6342,0,3.45410603731756,3.45410603731756
3,5,1,33.94,13825,0,3.52459425980608,3.52459425980608
3,5,1,88.3,32833,0,4.48074010760991,4.48074010760991
3,5,1,36.43,3897,0,3.59539261102047,3.59539261102047
3,5,1,29.33,31442,0,3.37861088298936,3.37861088298936
3,5,1,1017.94,268945,0,6.92553625627722,6.92553625627722
3,5,1,359.83,218411,0,5.88563169769591,5.88563169769591
3,5,1,79.26,50649,0,4.37273358776229,4.37273358776229
3,5,1,73.62,8906,0,4.29891672795087,4.29891672795087
3,5,1,83.2,49166,0,4.42124734782716,4.42124734782716
3,5,1,138.19,18433,0,4.92862954981539,4.92862954981539
3,5,1,79.55,12478,0,4.3763857547838,4.3763857547838
3,5,1,54.94,4486,0,4.00624168066713,4.00624168066713
3,5,1,1941.76,319443,0,7.57135005728006,7.57135005728006
3,5,1,1855.3,358790,0,7.52580168703283,7.52580168703283
3,5,1,457.25,217118,0,6.12523028727098,6.12523028727098
3,5,1,442.87,74000,0,6.09327627325456,6.09327627325456
3,5,1,367.21,109371,0,5.90593389149099,5.90593389149099
3,5,1,633.37,145079,0,6.45105476954743,6.45105476954743
3,5,1,386.49,41905,0,5.95710599447154,5.95710599447154
3,5,1,252.47,92133,0,5.53129242977554,5.53129242977554
3,5,1,9545.23,1983959,0,9.16379683225508,9.16379683225508
3,6,0,187.75,171592,0.279715188649895,5.23511129064424,5.51482647929414
3,6,0,13.61,32158,0.134205977539194,2.61080481666337,2.74501079420257
3,6,0,33.47,4487,0.815717574762263,3.51064951522324,4.3263670899855
3,6,0,41.84,13586,0.180525942503456,3.73385281975667,3.91437876226012
3,6,0,136.14,42561,0.188539494071689,4.9136837680198,5.10222326209149
3,6,0,30.6,556,-0.115483513135959,3.42100000895834,3.30551649582238
3,6,0,15.77,4684,0.0149463222003511,2.75810940097495,2.7730557231753
3,6,0,1238.84,720084,-0.204918893189651,7.12193073689,6.91701184370035
3,6,0,259.57,142441,-0.111112766916147,5.55902641574839,5.44791364883224
3,6,0,29.78,2640,-0.127371080192086,3.39383702725586,3.26646594706378
3,6,0,37.07,9869,-0.128276287723769,3.61280801716264,3.48453172943887
3,6,0,58.8,11865,-0.213087609432719,4.07414185490458,3.86105424547186
3,6,0,209.75,80833,-0.377505746132279,5.34591634534732,4.96841059921504
3,6,0,48.04,17574,-0.139466572344477,3.87203399721178,3.73256742486731
3,6,0,26.94,9713,-0.394380956268893,3.29361217098222,2.89923121471333
3,6,0,1626.78,470051,0.353401211749902,7.39435787988324,7.74775909163314
3,6,0,54.01,4943,-0.241278859903628,3.9891692146048,3.74789035470117
3,6,0,1632.96,403488,-0.162285228510864,7.39814959787561,7.23586436936474
3,6,1,300.59,117401,0,5.70574720996579,5.70574720996579
3,6,1,44.31,12173,0,3.7912103852114,3.7912103852114
3,6,1,53.55,5949,0,3.98061579689376,3.98061579689376
3,6,1,163.02,25358,0,5.09387289266631,5.09387289266631
3,6,1,46.23,1803,0,3.83362893800013,3.83362893800013
3,6,1,1577.85,447128,0,7.36381843985339,7.36381843985339
3,6,1,385.54,110578,0,5.95464494896945,5.95464494896945
3,6,1,84.29,13624,0,4.43426323400939,4.43426323400939
3,6,1,64.25,1518,0,4.16278172377533,4.16278172377533
3,6,1,78.56,20737,0,4.36386266404621,4.36386266404621
3,6,1,198.91,20881,0,5.29285246111697,5.29285246111697
3,6,1,61.13,18101,0,4.11300274404063,4.11300274404063
3,6,1,2017.86,644496,0,7.60979282288753,7.60979282288753
3,6,1,772.69,120917,0,6.64987793322256,6.64987793322256
3,6,1,188.97,69871,0,5.24158827230195,5.24158827230195
3,6,1,141.34,49093,0,4.95116833526271,4.95116833526271
3,6,1,160.82,53193,0,5.08028572712,5.08028572712
3,6,1,328.78,79488,0,5.79538883408136,5.79538883408136
3,6,1,136.87,36441,0,4.91903157022317,4.91903157022317
3,6,1,155.63,35412,0,5.04748139521692,5.04748139521692
3,6,1,3855.71,981465,0,8.25731044543333,8.25731044543333
3,6,1,4739.07,1031429,0,8.46359619290724,8.46359619290724
3,6,1,1134.37,235652,0,7.03383270973,7.03383270973
3,6,1,1078.25,168555,0,6.98309463552795,6.98309463552795
3,6,1,151.43,5982,0,5.02012347196856,5.02012347196856
3,6,1,971.01,95823,0,6.87833676689947,6.87833676689947
3,6,1,1928.14,368238,0,7.5643110866421,7.5643110866421
3,6,1,889.08,89649,0,6.79018722021657,6.79018722021657
3,6,1,900.56,228604,0,6.80301679204655,6.80301679204655
3,6,1,22985.48,4265828,0,10.042617991207,10.042617991207
3,7,0,3.39,303,-0.134916733856971,1.22082992139236,1.08591318753539
3,7,0,1.34,906,-0.0101609770209406,0.29266961396282,0.282508636941879
3,7,0,78.57,66711,-0.138930964289334,4.36398994718773,4.2250589828984
3,7,0,5.71,31442,0.164983391903695,1.74221902366792,1.90720241557161
3,7,0,4.12,31442,-0.250161254895104,1.41585316336144,1.16569190846633
3,7,0,111.66,33310,-0.224179067051072,4.71545853988221,4.49127947283114
3,7,0,15.14,1441,-0.264793244272454,2.7173402480093,2.45254700373685
3,7,0,105.76,14449,0.249661859236962,4.66117237610338,4.91083423534034
3,7,1,1.9,11762,0,0.641853886172395,0.641853886172395
3,7,1,110.85,41333,0,4.70817793606232,4.70817793606232
3,7,1,146.21,49986,0,4.98504394442935,4.98504394442935
3,7,1,31.22,4738,0,3.44105891508729,3.44105891508729
3,7,1,13.08,1769,0,2.57108434602905,2.57108434602905
3,7,1,292.33,22382,0,5.67788330113051,5.67788330113051
3,7,1,288.36,41206,0,5.66420969953638,5.66420969953638
3,7,1,84.68,1200,0,4.43887944626666,4.43887944626666
3,7,1,29.99,31442,0,3.40086399276092,3.40086399276092
3,7,1,19.07,3608,0,2.94811641961233,2.94811641961233
3,7,1,37.96,1455,0,3.63653297374173,3.63653297374173
3,7,1,113.33,7618,0,4.73030391674486,4.73030391674486
3,7,1,40.84,34979,0,3.70966199329646,3.70966199329646
4,1,0,49.31,23218,-0.0347167455424472,3.89812690023603,3.86341015469359
4,1,0,22.93,14940,0.00465737351094624,3.13244609686981,3.13710347038076
4,1,0,34.01,101091,0.0204152837872749,3.5266545990191,3.54706988280638
4,1,0,17.77,4164,0.00894680744779429,2.87751164216656,2.88645844961435
4,1,0,18.59,3044,0.0230638454596093,2.92262380173335,2.94568764719296
4,1,0,4.31,400,-0.00166591120520007,1.46093790411566,1.45927199291046
4,1,0,601.75,381138,0.0885155424706073,6.39984207666318,6.48835761913379
4,1,0,77.53,16812,0.0468769479429993,4.35066495823087,4.39754190617387
4,1,0,36.39,10543,-0.0978092620623956,3.59429401162407,3.49648474956167
4,1,0,18.74,4571,0.063118677176996,2.93066027681028,2.99377895398727
4,1,0,32.02,38542,-0.0509005026064869,3.46636070756857,3.41546020496208
4,1,0,13.62,954,0.02316570513146,2.61153930072137,2.63470500585283
4,1,0,735.71,391512,-0.163857334973474,6.60083601934278,6.43697868436931
4,1,0,36.08,3784,0.123942084102221,3.58573869519442,3.70968077929664
4,1,0,12.01,917,0.183954578306724,2.48573963609189,2.66969421439862
4,1,0,19.1,14439,0.223536096060668,2.94968833505258,3.17322443111325
4,1,0,32.8,12608,-0.153752716445043,3.4904285153901,3.33667579894506
4,1,0,18.59,900,-0.139944031866472,2.92262380173335,2.78267976986688
4,1,0,8.54,4956,0.07381088028067,2.14476100780048,2.21857188808115
4,1,0,729.62,599538,0.0525892991358696,6.59252385066511,6.64511314980098
4,1,1,105.73,90111,0,4.66088867474444,4.66088867474444
4,1,1,35.14,38663,0,3.55934008275895,3.55934008275895
4,1,1,53.38,3000,0,3.97743614397638,3.97743614397638
4,1,1,18.19,3372,0,2.90087199253003,2.90087199253003
4,1,1,34.63,3178,0,3.54472035841433,3.54472035841433
4,1,1,766.14,430373,0,6.64136492066464,6.64136492066464
4,1,1,166.1,40729,0,5.11259001661925,5.11259001661925
4,1,1,66.54,43356,0,4.19780327059033,4.19780327059033
4,1,1,48.99,17562,0,3.89161619565048,3.89161619565048
4,1,1,10.91,993,0,2.38967979984498,2.38967979984498
4,1,1,32.5,47591,0,3.48124008933569,3.48124008933569
4,1,1,53.9,15205,0,3.98713047791495,3.98713047791495
4,1,1,17.88,8643,0,2.88368276974537,2.88368276974537
4,1,1,17.04,3314,0,2.83556352140117,2.83556352140117
4,1,1,1064.66,403899,0,6.97041077834648,6.97041077834648
4,1,1,344.68,184118,0,5.84261645037157,5.84261645037157
4,1,1,125.36,34894,0,4.83118959804777,4.83118959804777
4,1,1,130.03,66353,0,4.86776519306323,4.86776519306323
4,1,1,73.29,122551,0,4.29442417393776,4.29442417393776
4,1,1,95.16,9655,0,4.55555968543476,4.55555968543476
4,1,1,51.85,33098,0,3.94835493467554,3.94835493467554
4,1,1,35.32,12104,0,3.56444937573576,3.56444937573576
4,1,1,2154.39,702215,0,7.67526289982304,7.67526289982304
4,1,1,1528.57,483084,0,7.33208793681481,7.33208793681481
4,1,1,567.56,209646,0,6.34134647063911,6.34134647063911
4,1,1,563.23,107767,0,6.33368807047065,6.33368807047065
4,1,1,65.95,12950,0,4.18889687916332,4.18889687916332
4,1,1,278.46,93032,0,5.62927442248114,5.62927442248114
4,1,1,395.47,27088,0,5.98007493098051,5.98007493098051
4,1,1,163.53,27401,0,5.0969964597443,5.0969964597443
4,1,1,8738.13,2437429,0,9.07545148694706,9.07545148694706
4,2,0,18.13,33786,0.0172678045820074,2.89756802476676,2.91483582934877
4,2,0,7.31,6906,0.128450841985183,1.98924327376169,2.11769411574687
4,2,0,17.93,18501,-0.178578735605444,2.88647528761704,2.7078965520116
4,2,0,3.66,3465,-0.28553761621095,1.29746314741327,1.01192553120232
4,2,0,510.14,357640,-0.19111911010741,6.23468519785137,6.04356608774396
4,2,0,73.64,45054,-0.177296477604981,4.29918835636488,4.1218918787599
4,2,0,25.83,12796,0.0175512945705946,3.25153660710775,3.26908790167834
4,2,0,17.27,148,0.0915135814672753,2.84897089215859,2.94048447362586
4,2,0,23.46,6103,0.112007376552822,3.15529684322533,3.26730421977815
4,2,0,58.09,36882,-0.0803651966554792,4.06199353200444,3.98162833534896
4,2,0,20.45,4383,-0.0299614030114373,3.01798288248881,2.98802147947737
4,2,0,720.52,456585,0.0554224993683121,6.57997317355536,6.63539567292367
4,2,0,126.64,28994,0.0409160820516899,4.84134841557276,4.88226449762445
4,2,0,35.86,8066,-0.349427386031277,3.57962246817699,3.23019508214571
4,2,0,21.01,10160,0.151646182019131,3.04499851485691,3.19664469687604
4,2,0,19.53,6861,-0.150451045330437,2.97195174488859,2.82150069955815
4,2,0,56.42,7874,0.0716133808536037,4.03282370557385,4.10443708642745
4,2,0,26.02,10624,0.128226199366333,3.25886547308436,3.38709167245069
4,2,0,10.09,6237,0.0147736453980025,2.31154483436552,2.32631847976352
4,2,0,855.76,303872,-0.064096406110111,6.75198996299788,6.68789355688776
4,2,1,41.49,7068,0,3.72545243434478,3.72545243434478
4,2,1,34.65,38011,0,3.54529772563591,3.54529772563591
4,2,1,24.21,25737,0,3.18676577094997,3.18676577094997
4,2,1,54.79,2560,0,4.00350769555032,4.00350769555032
4,2,1,34.39,34833,0,3.53776582444417,3.53776582444417
4,2,1,903.99,360223,0,6.80681829838409,6.80681829838409
4,2,1,67.63,23998,0,4.21405167158685,4.21405167158685
4,2,1,44.13,2288,0,3.78713982328146,3.78713982328146
4,2,1,37.01,5688,0,3.61118814639806,3.61118814639806
4,2,1,38.42,4812,0,3.64857815734041,3.64857815734041
4,2,1,20.27,36477,0,3.00914196046391,3.00914196046391
4,2,1,1305.83,321088,0,7.17459413291044,7.17459413291044
4,2,1,452.94,97902,0,6.11575966637959,6.11575966637959
4,2,1,166.21,158030,0,5.11325204908302,5.11325204908302
4,2,1,127.04,66279,0,4.84450199749883,4.84450199749883
4,2,1,16.52,1800,0,2.80457176809283,2.80457176809283
4,2,1,91.55,9753,0,4.51688527112052,4.51688527112052
4,2,1,135.02,8171,0,4.90542291561372,4.90542291561372
4,2,1,83.37,14223,0,4.42328853242252,4.42328853242252
4,2,1,65.8,4332,0,4.18661983833127,4.18661983833127
4,2,1,2702.27,912421,0,7.90184743950863,7.90184743950863
4,2,1,2110.59,595146,0,7.65472280823657,7.65472280823657
4,2,1,708.77,155553,0,6.56353107333871,6.56353107333871
4,2,1,717.74,222823,0,6.57610738647639,6.57610738647639
4,2,1,55.84,5417,0,4.02249045845412,4.02249045845412
4,2,1,403.75,52327,0,6.00079587453687,6.00079587453687
4,2,1,630.8,78258,0,6.44698885508888,6.44698885508888
4,2,1,410.91,73043,0,6.01837421241484,6.01837421241484
4,2,1,328.26,14963,0,5.79380597730379,5.79380597730379
4,2,1,12169.67,3223609,0,9.40670206975526,9.40670206975526
4,3,0,70.13,55595,0.0107055676367072,4.25035066254882,4.26105623018553
4,3,0,23.46,6214,0.0304354495433167,3.15529684322533,3.18573229276865
4,3,0,13.24,2138,0.136968334326284,2.58324255050886,2.72021088483515
4,3,0,47.61,12105,-0.0607435795195597,3.86304282320643,3.80229924368687
4,3,0,112.86,25656,-0.0544157778403514,4.72614811254099,4.67173233470064
4,3,0,26.77,3915,0.1073065968958,3.28728185753226,3.39458845442806
4,3,0,25.69,41229,0.00121473620148003,3.24610181112179,3.24731654732327
4,3,0,23.55,2732,-0.100358305379195,3.15912582046243,3.05876751508323
4,3,0,78.7,18099,-0.172262820048507,4.36564315542336,4.19338033537485
4,3,0,19.31,8908,-0.122967146462471,2.96062309644042,2.83765594997795
4,3,0,784.88,291386,-0.0885186827526342,6.66553083985514,6.5770121571025
4,3,0,132.22,112977,0.10045133456279,4.88446720190543,4.98491853646822
4,3,0,23.84,31442,-0.0338692263463344,3.17136484219715,3.13749561585081
4,3,0,12.19,2400,0.0592777108316264,2.50061594349318,2.55989365432481
4,3,0,31.33,939,-0.05558489480642,3.4445761049641,3.38899121015768
4,3,0,92.3,47618,0.110840269118787,4.52504414150881,4.63588441062759
4,3,0,881.54,198404,-0.0419571357674611,6.78167037800637,6.73971324223891
4,3,1,181.06,45410,0,5.19882846804729,5.19882846804729
4,3,1,31.21,44195,0,3.44073855628269,3.44073855628269
4,3,1,89.92,10382,0,4.49892038614538,4.49892038614538
4,3,1,31.18,3523,0,3.43977686362963,3.43977686362963
4,3,1,17.15,10519,0,2.84199817361195,2.84199817361195
4,3,1,958.53,380081,0,6.86540086090044,6.86540086090044
4,3,1,232.21,86821,0,5.4476421346586,5.4476421346586
4,3,1,48.14,34624,0,3.87411343235493,3.87411343235493
4,3,1,52.17,3952,0,3.9545076170343,3.9545076170343
4,3,1,40.18,11704,0,3.69336935938679,3.69336935938679
4,3,1,1404.67,417261,0,7.24755767873545,7.24755767873545
4,3,1,502.26,107693,0,6.21911791390002,6.21911791390002
4,3,1,135.72,84314,0,4.91059393991603,4.91059393991603
4,3,1,140.08,9624,0,4.9422136879776,4.9422136879776
4,3,1,107.97,17978,0,4.68185341075905,4.68185341075905
4,3,1,143.88,27311,0,4.96897961882742,4.96897961882742
4,3,1,87.39,42469,0,4.47038085963945,4.47038085963945
4,3,1,82.11,18826,0,4.4080598117207,4.4080598117207
4,3,1,2805.94,733705,0,7.93949387768254,7.93949387768254
4,3,1,2312.76,695827,0,7.74619689549896,7.74619689549896
4,3,1,748.35,169849,0,6.61787078297516,6.61787078297516
4,3,1,79.77,42430,0,4.37914749392304,4.37914749392304
4,3,1,504.39,66503,0,6.22334977835895,6.22334977835895
4,3,1,862.65,124101,0,6.76000904682787,6.76000904682787
4,3,1,512.76,59311,0,6.23980789944393,6.23980789944393
4,3,1,470.4,121196,0,6.15358339658442,6.15358339658442
4,3,1,13951.57,2899470,0,9.54334732571969,9.54334732571969
4,4,0,172.47,105510,-0.0173923053741591,5.15022330830331,5.13283100292915
4,4,0,30.77,40261,0.0454402172199158,3.42654018933395,3.47198040655387
4,4,0,30.82,43190,0.0571747609919874,3.42816382989197,3.48533859088396
4,4,0,104.04,25652,0.0226290470215102,4.64477544058045,4.66740448760196
4,4,0,20.72,7244,0.132358415061824,3.03109941739128,3.16345783245311
4,4,0,11.16,2280,-0.0534890478731216,2.41233595695316,2.35884690908004
4,4,0,944.79,407441,0.194624488588434,6.8509626805765,7.04558716916494
4,4,0,269.84,271937,-0.0238869617900943,5.59782919075339,5.5739422289633
4,4,0,44.88,18343,-0.021378655281098,3.80399226121444,3.78261360593334
4,4,0,43.45,16229,0.163140290676851,3.7716108517114,3.93475114238825
4,4,0,35.07,1770,0.0622769364992309,3.55734606415209,3.61962300065132
4,4,0,48.57,18027,0.0745166395129563,3.88300605635765,3.95752269587061
4,4,0,164.27,55542,0.393974550377473,5.10151141555311,5.49548596593058
4,4,0,21.8,1710,-0.0167370099258549,3.08190996979504,3.06517295986919
4,4,0,1582.15,690199,0.111860823168266,7.36653996052052,7.47840078368878
4,4,0,324.35,81074,0.0503830648894225,5.78182317965906,5.83220624454849
4,4,0,67.35,7762,0.103469712071403,4.20990290285637,4.31337261492778
4,4,0,35.51,2184,-0.00656877746945987,3.569814346955,3.56324556948554
4,4,0,17.58,1500,-0.0716952349863834,2.86676189225703,2.79506665727065
4,4,0,49.59,12520,-0.0632940352187913,3.90378920050104,3.84049516528225
4,4,0,164.43,139115,-0.0288599443649038,5.10248494772613,5.07362500336123
4,4,0,48.55,9487,-0.0627368460878173,3.88259419473733,3.81985734864952
4,4,0,28.33,34108,0.0411887866294126,3.34392131384243,3.38511010047184
4,4,0,1687.61,623928,0.0972875939304428,7.43106860580741,7.52835619973785
4,4,1,328.35,88706,0,5.79408011263698,5.79408011263698
4,4,1,80.47,6326,0,4.38788444415804,4.38788444415804
4,4,1,56.09,5281,0,4.02695754352025,4.02695754352025
4,4,1,64.24,39255,0,4.16262606963851,4.16262606963851
4,4,1,174.1,57665,0,5.15962984677414,5.15962984677414
4,4,1,50.19,7652,0,3.91581580366684,3.91581580366684
4,4,1,55.6,9368,0,4.01818320125654,4.01818320125654
4,4,1,1907.97,489424,0,7.55379512861418,7.55379512861418
4,4,1,481.3,86157,0,6.17649077630906,6.17649077630906
4,4,1,93.2,45751,0,4.53474772169155,4.53474772169155
4,4,1,83.41,27643,0,4.42376820625352,4.42376820625352
4,4,1,228.49,113934,0,5.43149244570045,5.43149244570045
4,4,1,90.12,14731,0,4.50114211556404,4.50114211556404
4,4,1,84.36,13308,0,4.43509335561057,4.43509335561057
4,4,1,2775.52,865925,0,7.9285933960131,7.9285933960131
4,4,1,284.51,110861,0,5.65076840233355,5.65076840233355
4,4,1,259.23,36007,0,5.55771569852142,5.55771569852142
4,4,1,179.94,57514,0,5.19262346198897,5.19262346198897
4,4,1,398.99,123132,0,5.98893635391915,5.98893635391915
4,4,1,159.68,42550,0,5.07317181256315,5.07317181256315
4,4,1,179.44,135172,0,5.18984089021195,5.18984089021195
4,4,1,5553.54,1529493,0,8.62219084124622,8.62219084124622
4,4,1,5091.56,1200157,0,8.53533954588874,8.53533954588874
4,4,1,1710.88,348802,0,7.44476313700835,7.44476313700835
4,4,1,166.09,7563,0,5.11252981011091,5.11252981011091
4,4,1,1098.94,223397,0,7.00210135782681,7.00210135782681
4,4,1,2288.5,240148,0,7.7356518600937,7.7356518600937
4,4,1,1101.12,264633,0,7.00408312260912,7.00408312260912
4,4,1,1289.41,195629,0,7.16194002839166,7.16194002839166
4,4,1,30873.62,6834531,0,10.3376573765751,10.3376573765751
4,5,0,14.14,2676,0.134451100896743,2.64900766046843,2.78345876136517
4,5,0,3.98,9979,-0.153841599183598,1.38128181929635,1.22744022011275
4,5,0,5.26,600,0.0605874752168518,1.66013102674962,1.72071850196647
4,5,0,12.36,7638,0.00935669721808627,2.51446545202954,2.52382214924763
4,5,0,110.4,61788,0.235667978564535,4.704110133843,4.93977811240753
4,5,0,22.43,1825,0.039447381876895,3.11039934853212,3.14984673040901
4,5,0,19.16,1258,-0.0973026897246256,2.95282477254271,2.85552208281809
4,5,0,3.64,72,0.287071825983648,1.29198368164865,1.5790555076323
4,5,0,184.5,134556,-0.0979106985819329,5.21764946348058,5.11973876489865
4,5,0,28.65,2343,-0.0768852213862937,3.35515344316075,3.27826822177445
4,5,0,10.98,5762,-0.160885507938418,2.39607543608138,2.23518992814297
4,5,0,6.91,956,-0.0345903753016857,1.93296963777958,1.89837926247789
4,5,0,3.84,2330,-0.236277067239876,1.34547236659964,1.10919529935976
4,5,0,210.68,49731,0.0898512882325683,5.35034039461519,5.44019168284776
4,5,1,9.24,31442,0,2.22354188565359,2.22354188565359
4,5,1,9.24,1684,0,2.22354188565359,2.22354188565359
4,5,1,20.82,5368,0,3.03591406318682,3.03591406318682
4,5,1,235.24,106855,0,5.46060626959176,5.46060626959176
4,5,1,59.64,18003,0,4.08832648989654,4.08832648989654
4,5,1,9.66,31442,0,2.26799364822443,2.26799364822443
4,5,1,348.3,250211,0,5.85306417737196,5.85306417737196
4,5,1,136.9,96970,0,4.9192507322944,4.9192507322944
4,5,1,38.5,35613,0,3.65065824129374,3.65065824129374
4,5,1,31.5,6302,0,3.44998754583159,3.44998754583159
4,5,1,39.79,34383,0,3.68361562443884,3.68361562443884
4,5,1,27.33,31442,0,3.30798499993998,3.30798499993998
4,5,1,26.32,34167,0,3.27032910645712,3.27032910645712
4,5,1,755.36,255811,0,6.62719445679798,6.62719445679798
4,5,1,593.04,123958,0,6.38526185034846,6.38526185034846
4,5,1,158.87,47492,0,5.06808625773193,5.06808625773193
4,5,1,196.15,30277,0,5.27887967265556,5.27887967265556
4,5,1,104.85,1978,0,4.65253075734793,4.65253075734793
4,5,1,194.9,10588,0,5.27248660651351,5.27248660651351
4,5,1,138.42,67566,0,4.93029254141372,4.93029254141372
4,5,1,149.13,9709,0,5.00481840877469,5.00481840877469
4,5,1,3152.35,768061,0,8.05590348542236,8.05590348542236
4,6,0,59.95,31740,0.0923946852165346,4.09351088147352,4.18590556669006
4,6,0,7.13,2360,-0.144078525772776,1.9643112344262,1.82023270865343
4,6,0,8.74,13931,-0.0405994036758194,2.16791018966744,2.12731078599162
4,6,0,25.54,32660,0.050571821945275,3.24024585060439,3.29081767254967
4,6,0,7.17,4415,-0.0502951814611041,1.96990565461153,1.91961047315042
4,6,0,282.66,56172,0.265064307462856,5.64424476194,5.90930906940286
4,6,0,93.52,25417,0.0743139911080412,4.53817531716381,4.61248930827185
4,6,0,70.7,11924,-0.127033268945803,4.25844557290253,4.13141230395672
4,6,0,10.96,31442,-0.0792355875476605,2.39425228151987,2.31501669397221
4,6,0,468.91,209378,-0.0645961999540708,6.15041085237698,6.08581465242291
4,6,0,104.27,51392,-0.0638193166021897,4.6469836888015,4.58316437219931
4,6,0,16,1363,-0.010666994655516,2.77258872223978,2.76192172758427
4,6,0,9.16,4211,-0.0196223216817996,2.21484617868604,2.19522385700424
4,6,0,11.33,3759,0.0744964109516583,2.42745407503992,2.50195048599157
4,6,0,58.02,10592,0.0829348920358956,4.06078777869326,4.14372267072915
4,6,0,19.89,8013,0.0786674138232116,2.99021709286588,3.06888450668909
4,6,0,11.8,6140,-0.0608347254279964,2.46809953147162,2.40726480604362
4,6,0,517.45,165960,-0.0117344951625435,6.24891290211418,6.23717840695164
4,6,1,103.11,23206,0,4.63579637952985,4.63579637952985
4,6,1,18.18,1955,0,2.90032208874933,2.90032208874933
4,6,1,15.31,5460,0,2.72850620966959,2.72850620966959
4,6,1,19.28,8463,0,2.9590682891824,2.9590682891824
4,6,1,25.32,2735,0,3.23159459727598,3.23159459727598
4,6,1,525.48,191633,0,6.26431213060131,6.26431213060131
4,6,1,129.17,14134,0,4.86112936624392,4.86112936624392
4,6,1,32.33,15546,0,3.47599559173734,3.47599559173734
4,6,1,31.2,2965,0,3.44041809481544,3.44041809481544
4,6,1,70.88,36493,0,4.26098830629683,4.26098830629683
4,6,1,26.85,10031,0,3.29026582095487,3.29026582095487
4,6,1,37.44,6323,0,3.62273965160939,3.62273965160939
4,6,1,777.52,203397,0,6.65610936719522,6.65610936719522
4,6,1,269.86,75377,0,5.59790330600264,5.59790330600264
4,6,1,79.68,9347,0,4.37801861327634,4.37801861327634
4,6,1,64.77,13395,0,4.17084253319483,4.17084253319483
4,6,1,114.7,14816,0,4.74232002413533,4.74232002413533
4,6,1,52.7,7421,0,3.96461545554732,3.96461545554732
4,6,1,84.33,10085,0,4.43473767358655,4.43473767358655
4,6,1,1566.18,289782,0,7.3563948124741,7.3563948124741
4,6,1,1647.08,309988,0,7.40675930216133,7.40675930216133
4,6,1,477.62,155510,0,6.16881543724852,6.16881543724852
4,6,1,484.42,94528,0,6.18295229901818,6.18295229901818
4,6,1,35.59,31442,0,3.5720646995221,3.5720646995221
4,6,1,335.13,89775,0,5.81451851625087,5.81451851625087
4,6,1,731.98,57899,0,6.59575319118368,6.59575319118368
4,6,1,9304.84,2121962,0,9.13828997387209,9.13828997387209
4,7,0,25.33,4465,0.116270667707323,3.23198946401358,3.34826013172091
4,7,0,4.13,429,-0.148399784958238,1.41827740697294,1.2698776220147
4,7,0,27.7,5216,0.0122648114181698,3.32143241319329,3.33369722461146
4,7,0,31.66,7305,0.179538589723827,3.45505405445287,3.63459264417669
4,7,1,4.29,626,0,1.45628673293993,1.45628673293993
4,7,1,36.11,4855,0,3.58656983528937,3.58656983528937
4,7,1,9.89,4125,0,2.29152414563462,2.29152414563462
4,7,1,46.95,2864,0,3.84908320565427,3.84908320565427
4,7,1,4.06,1140,0,1.40118297361364,1.40118297361364
4,7,1,100.73,14546,0,4.61244366995459,4.61244366995459
4,7,1,86.76,913,0,4.46314568595867,4.46314568595867
4,7,1,36.79,6744,0,3.60522606911668,3.60522606911668
4,7,1,661.33,79549,0,6.49425295884143,6.49425295884143
5,1,0,39.38,19055,0.0370434216939872,3.67325807321098,3.71030149490497
5,1,0,33.22,70516,0.0360157517553571,3.50315210418515,3.53916785594051
5,1,0,25.94,12853,-0.0687040254967516,3.2557861788883,3.18708215339155
5,1,0,5.83,5315,0.33926591764004,1.7630170003624,2.10228291800244
5,1,0,10.55,14735,0.00400456987268805,2.35612585992208,2.36013042979476
5,1,0,4.18,3699,-0.131885579455254,1.43031124653666,1.29842566708141
5,1,0,8.91,2745,-0.0800163415020995,2.18717424148272,2.10715789998062
5,1,0,643.63,802056,-0.174351216022378,6.46712402683487,6.29277281081249
5,1,0,40.03,53251,-0.0437346497572369,3.68962917300448,3.64589452324725
5,1,0,31.2,64325,-0.150008315813621,3.44041809481544,3.29040977900182
5,1,0,40.44,51965,-0.150182710089443,3.69981939415227,3.54963668406283
5,1,0,4.58,8390,-0.104515584426659,1.52169899812609,1.41718341369943
5,1,0,7.78,31442,-0.104823977180416,2.0515563381903,1.94673236100988
5,1,0,697.77,505940,0.0113699496503283,6.54788953556709,6.55925948521742
5,1,0,54.57,17149,0.00313261468644939,3.99948428119814,4.00261689588459
5,1,0,36.47,46332,0.0269387994954091,3.59649000482059,3.623428804316
5,1,0,32.03,42364,0.0702805563743288,3.46667296362107,3.5369535199954
5,1,0,18.96,1000,0.202107364336294,2.94233149682688,3.14443886116317
5,1,0,8.71,8327,0.0595177164540013,2.16447179086441,2.22398950731841
5,1,0,14.5,39056,-0.00711440866517353,2.67414864942653,2.66703424076136
5,1,1,61.37,67055,0,4.11692111640101,4.11692111640101
5,1,1,40.59,18027,0,3.70352173085081,3.70352173085081
5,1,1,20.67,10781,0,3.02868337369368,3.02868337369368
5,1,1,21.16,3762,0,3.0521126069901,3.0521126069901
5,1,1,92.05,18385,0,4.52233190767909,4.52233190767909
5,1,1,58.99,40553,0,4.07736793801498,4.07736793801498
5,1,1,18.46,8860,0,2.91560622907471,2.91560622907471
5,1,1,22.92,1845,0,3.13200989184654,3.13200989184654
5,1,1,11.36,36029,0,2.43009841329301,2.43009841329301
5,1,1,22.87,3801,0,3.12982600803469,3.12982600803469
5,1,1,820.04,426845,0,6.70935311955637,6.70935311955637
5,1,1,183.54,30510,0,5.21243262739087,5.21243262739087
5,1,1,115.02,56739,0,4.74510602628561,4.74510602628561
5,1,1,42.25,6990,0,3.74360435380318,3.74360435380318
5,1,1,23.47,2943,0,3.15572300986293,3.15572300986293
5,1,1,55.74,105275,0,4.0206980220538,4.0206980220538
5,1,1,1623.22,653118,0,7.39216710977626,7.39216710977626
5,1,1,717.63,208573,0,6.57595411589081,6.57595411589081
5,1,1,439.61,266009,0,6.08588797022342,6.08588797022342
5,1,1,21.22,2000,0,3.05494413318584,3.05494413318584
5,1,1,145.24,53228,0,4.97838754654614,4.97838754654614
5,1,1,102.4,8972,0,4.62888671260541,4.62888671260541
5,1,1,186.24,31626,0,5.22703616454307,5.22703616454307
5,1,1,5539.09,2249007,0,8.61958550632139,8.61958550632139
5,2,0,43.32,13238,0.0501515113258647,3.76861442213279,3.81876593345865
5,2,0,21.67,8608,0.0911222065182698,3.07592881554827,3.16705102206654
5,2,0,21.83,2495,0.0722840602477745,3.08328517056185,3.15556923080963
5,2,0,6.92,5307,-0.0749816619660031,1.93441576962958,1.85943410766358
5,2,0,9.75,6866,-0.0904616271734298,2.27726728500976,2.18680565783633
5,2,0,451.09,438695,-0.00558218416840988,6.11166687613494,6.10608469196653
5,2,0,53.04,68513,-0.181955802359373,3.97104634587761,3.78909054351823
5,2,0,26.38,8435,-0.0658147648223582,3.27260614728917,3.20679138246681
5,2,0,29.54,8813,-0.00232481987613372,3.38574527710323,3.3834204572271
5,2,0,27.82,4249,0.127576614675624,3.3257551864953,3.45333180117092
5,2,0,11.17,2686,0.177610507564315,2.41323161308111,2.59084212064542
5,2,0,576.16,302181,-0.137400237397418,6.35638539990056,6.21898516250315
5,2,0,71.9,51707,-0.0481087055401821,4.275276264727,4.22716755918682
5,2,0,31.96,25061,-0.0100099427716183,3.46448512089807,3.45447517812646
5,2,0,28.18,34674,0.0404325104391047,3.33861250647053,3.37904501690964
5,2,0,10.02,2855,-0.147156998516837,2.30458309565672,2.15742609713988
5,2,0,22.94,8000,0.070760063274703,3.13288211170122,3.20364217497593
5,2,0,13.41,435,-0.0212279744777261,2.59600069729359,2.57477272281586
5,2,0,16.4,4005,0.0209782494080144,2.79728133483015,2.81825958423817
5,2,0,612.27,228163,-0.155450416922502,6.41717336169319,6.26172294477069
5,2,1,39.02,3970,0,3.66407433519497,3.66407433519497
5,2,1,26.66,1467,0,3.28316431475056,3.28316431475056
5,2,1,38.4,31442,0,3.64805745959368,3.64805745959368
5,2,1,15.27,12253,0,2.72589011923054,2.72589011923054
5,2,1,19.66,7718,0,2.97858611471902,2.97858611471902
5,2,1,703.72,439898,0,6.55638054977085,6.55638054977085
5,2,1,122,13341,0,4.80402104473326,4.80402104473326
5,2,1,49.82,38056,0,3.90841650983403,3.90841650983403
5,2,1,25.1,31442,0,3.22286784613774,3.22286784613774
5,2,1,18.83,11144,0,2.93545134266906,2.93545134266906
5,2,1,39.01,5673,0,3.66381802351856,3.66381802351856
5,2,1,1004.07,547051,0,6.91181701893681,6.91181701893681
5,2,1,276.21,84068,0,5.62116144596786,5.62116144596786
5,2,1,121.45,40273,0,4.79950265544818,4.79950265544818
5,2,1,140.3,72080,0,4.94378298710842,4.94378298710842
5,2,1,64.51,110527,0,4.16682025054415,4.16682025054415
5,2,1,71.49,4822,0,4.26955757977876,4.26955757977876
5,2,1,45.13,3571,0,3.80954721383891,3.80954721383891
5,2,1,80.96,38993,0,4.39395520553916,4.39395520553916
5,2,1,2109.22,625489,0,7.65407348987952,7.65407348987952
5,2,1,611.99,157871,0,6.41671594250955,6.41671594250955
5,2,1,254.68,147025,0,5.54000785514882,5.54000785514882
5,2,1,313.88,102075,0,5.74901074725927,5.74901074725927
5,2,1,389.67,141846,0,5.9653002270873,5.9653002270873
5,3,0,62.53,48495,-0.224299463866421,4.13564644157921,3.91134697771279
5,3,0,22.94,22703,-0.0994975252047885,3.13288211170122,3.03338458649644
5,3,0,17.73,15788,0.0472586318621219,2.87525812008612,2.92251675194824
5,3,0,6.76,992,-0.0418583525202926,1.91102289005487,1.86916453753458
5,3,0,8.97,31615,-0.135954107097693,2.1938856760707,2.05793156897301
5,3,0,25.31,2575,0.0892258560110117,3.23119957455703,3.32042543056804
5,3,0,7.18,4422,-0.217736613313157,1.97129938306013,1.75356276974698
5,3,0,4.46,7451,-0.0151508648160041,1.49514876603197,1.47999790121597
5,3,0,440.93,251193,-0.00097007920892821,6.08888613268915,6.08791605348022
5,3,0,74.65,61398,-0.0980188558220679,4.3128105239852,4.21479166816313
5,3,0,21.61,1450,-0.0969826393091846,3.07315617051879,2.97617353120961
5,3,0,27.4,5061,0.0833379454101599,3.31054301339402,3.39388095880418
5,3,0,5.81,3671,0.173440708557106,1.75958057086382,1.93302127942093
5,3,0,13.19,4928,0.0963573561289392,2.57945896672922,2.67581632285816
5,3,0,32.8,69277,0.0525853061711834,3.4904285153901,3.54301382156128
5,3,0,10.8,2629,-0.0390257800031105,2.37954613413017,2.34052035412706
5,3,0,598.14,264917,0.142563693762727,6.39382484026267,6.5363885340254
5,3,0,31.55,34055,0.0976179749311177,3.45157358898722,3.54919156391834
5,3,0,29.43,1426,-0.011299163552464,3.38201456224538,3.37071539869292
5,3,0,19.91,6534,0.0155744839861905,2.9912221180761,3.0067966020623
5,3,1,107.13,94918,0,4.67404305027447,4.67404305027447
5,3,1,32.28,2313,0,3.47444784340175,3.47444784340175
5,3,1,33.65,12288,0,3.51601305609074,3.51601305609074
5,3,1,22.77,5911,0,3.12544388007565,3.12544388007565
5,3,1,43.27,10115,0,3.76745955423679,3.76745955423679
5,3,1,12.37,3392,0,2.5152741864044,2.5152741864044
5,3,1,729.8,235765,0,6.59277052400235,6.59277052400235
5,3,1,149.79,37006,0,5.00923431318063,5.00923431318063
5,3,1,48.59,11364,0,3.88341774841781,3.88341774841781
5,3,1,34.25,35822,0,3.53368656470823,3.53368656470823
5,3,1,59.82,6347,0,4.0913400532018,4.0913400532018
5,3,1,23.38,6534,0,3.15188095604392,3.15188095604392
5,3,1,44.65,4969,0,3.79885430732251,3.79885430732251
5,3,1,1054.73,281281,0,6.96104008898537,6.96104008898537
5,3,1,300.28,76756,0,5.7047153727048,5.7047153727048
5,3,1,145.5,19178,0,4.98017608661155,4.98017608661155
5,3,1,63.07,20281,0,4.14424522067556,4.14424522067556
5,3,1,101.73,43173,0,4.62232224480566,4.62232224480566
5,3,1,51.13,28491,0,3.93437140909191,3.93437140909191
5,3,1,116.28,7403,0,4.75600107569068,4.75600107569068
5,3,1,1291.25,293493,0,7.16336602043385,7.16336602043385
5,3,1,520.94,138830,0,6.25563487197379,6.25563487197379
5,3,1,676.38,235831,0,6.5167550482845,6.5167550482845
5,3,1,35.33,5829,0,3.56473246137105,3.56473246137105
5,3,1,299.99,120261,0,5.7037491407673,5.7037491407673
5,3,1,523.39,62013,0,6.26032688406714,6.26032688406714
5,3,1,265.89,36704,0,5.58308268941842,5.58308268941842
5,3,1,599.43,155051,0,6.39597920368015,6.39597920368015
5,3,1,9965.28,2560945,0,9.20686233059635,9.20686233059635
5,4,0,109.23,60096,0.0607944182428477,4.69345575085545,4.7542501690983
5,4,0,31.71,36934,-0.0284551028503065,3.45663208855026,3.42817698569995
5,4,0,32.35,32365,0.0130409129874367,3.47661402094691,3.48965493393435
5,4,0,9.88,3542,-0.0538513946676284,2.29051251175978,2.23666111709215
5,4,0,19.48,1065,-0.0214703469006786,2.96938829821439,2.94791795131371
5,4,0,50.65,42686,0.159201519359347,3.92493923069469,4.08414075005404
5,4,0,15.57,9579,0.0304794533336666,2.74534598584591,2.77582543917957
5,4,0,770.69,524705,-0.0564046209234936,6.64728621748243,6.59088159655894
5,4,0,180.1,103992,0.00236535803520703,5.19351225218191,5.19587761021712
5,4,0,35.5,65836,-0.0314671888105777,3.56953269648137,3.53806550767079
5,4,0,50.22,32896,-0.0594708699263811,3.91641335372944,3.85694248380306
5,4,0,36.25,11558,0.060420713715479,3.59043938130068,3.65086009501616
5,4,0,106.18,21782,0.0647527940959952,4.66513576715553,4.72988856125152
5,4,0,25.02,6659,0.0629824677129658,3.21967550503877,3.28265797275173
5,4,0,1141.56,557417,0.037301762104856,7.04015102700637,7.07745278911122
5,4,0,198.57,70984,0.0131909531517951,5.29114168279894,5.30433263595074
5,4,0,59.81,14822,0.0903621719971817,4.09117287105647,4.18153504305365
5,4,0,46.93,4836,-0.0257136187237948,3.84865712980633,3.82294351108253
5,4,0,106.79,40142,-0.0431375012897391,4.67086428918345,4.62772678789371
5,4,0,34.61,1753,0.0374028367795036,3.54414265764725,3.58154549442676
5,4,0,1219.62,506246,-0.144875574576864,7.10629461379893,6.96141903922206
5,4,1,230.03,53377,0,5.43820973519993,5.43820973519993
5,4,1,59.93,15865,0,4.09317721447009,4.09317721447009
5,4,1,12.54,800,0,2.52892353520477,2.52892353520477
5,4,1,34.38,2237,0,3.5374749999547,3.5374749999547
5,4,1,107.54,50019,0,4.67786287138153,4.67786287138153
5,4,1,31.52,19379,0,3.45062226498968,3.45062226498968
5,4,1,56.83,3886,0,4.04006435530903,4.04006435530903
5,4,1,1419.58,647293,0,7.25811633219747,7.25811633219747
5,4,1,104.4,10570,0,4.64822967544854,4.64822967544854
5,4,1,122.58,16623,0,4.80876387805759,4.80876387805759
5,4,1,47.24,11325,0,3.85524099132916,3.85524099132916
5,4,1,92.6,43023,0,4.52828914165213,4.52828914165213
5,4,1,2014.55,644099,0,7.60815112437799,7.60815112437799
5,4,1,541.77,161900,0,6.29484155713236,6.29484155713236
5,4,1,246.8,58500,0,5.50857829203123,5.50857829203123
5,4,1,133.59,95129,0,4.89477540800172,4.89477540800172
5,4,1,226.28,22795,0,5.42177317047495,5.42177317047495
5,4,1,107.83,25329,0,4.68055591289398,4.68055591289398
5,4,1,242.78,168380,0,5.49215568346966,5.49215568346966
5,4,1,4231.59,1304846,0,8.35033308793751,8.35033308793751
5,4,1,2946.7,613652,0,7.98844117911679,7.98844117911679
5,4,1,1117.96,255116,0,7.01926087489968,7.01926087489968
5,4,1,1396.49,337846,0,7.24171722460055,7.24171722460055
5,4,1,75.39,1962,0,4.32267464022361,4.32267464022361
5,4,1,635.91,196401,0,6.45505704389276,6.45505704389276
5,4,1,1291.12,333231,0,7.16326533772757,7.16326533772757
5,4,1,542.86,91399,0,6.29685145980321,6.29685145980321
5,4,1,1382.66,571579,0,7.23176445906891,7.23176445906891
5,4,1,21581.24,4847989,0,9.979579697773,9.979579697773
5,5,0,3.42,4058,-0.0701888887023996,1.22964055107451,1.15945166237211
5,5,0,2.49,31442,0.217705959373747,0.912282710476616,1.12998866985036
5,5,0,117.39,121307,0.173918351823187,4.76550172489043,4.93942007671362
5,5,0,4.89,9007,0.0361473392213607,1.58719230348678,1.62333964270814
5,5,0,140.2,95879,-0.200326307242707,4.94306997460049,4.74274366735778
5,5,0,3.24,779,-0.101963159421619,1.17557332980424,1.07361017038262
5,5,0,10.94,6484,-0.00940854688677274,2.39242579699384,2.38301725010706
5,5,0,188.15,75374,-0.104035665412623,5.23723951703945,5.13320385162682
5,5,1,20.61,35174,0,3.02577639490237,3.02577639490237
5,5,1,7.6,3611,0,2.02814824729229,2.02814824729229
5,5,1,28.28,716,0,3.34215484102837,3.34215484102837
5,5,1,17.99,3896,0,2.88981604796244,2.88981604796244
5,5,1,21.19,1576,0,3.05352937228021,3.05352937228021
5,5,1,234,107065,0,5.4553211153577,5.4553211153577
5,5,1,54.72,3000,0,4.00222927331429,4.00222927331429
5,5,1,21.61,4502,0,3.07315617051879,3.07315617051879
5,5,1,42.44,3695,0,3.74809131374578,3.74809131374578
5,5,1,26.23,10259,0,3.26690379387878,3.26690379387878
5,5,1,13.65,5598,0,2.61373952163097,2.61373952163097
5,5,1,39.76,15915,0,3.68286138178837,3.68286138178837
5,5,1,568.65,186899,0,6.34326513063045,6.34326513063045
5,5,1,116.75,48119,0,4.76003489654901,4.76003489654901
5,5,1,171.84,26797,0,5.1465638113205,5.1465638113205
5,5,1,61.96,10580,0,4.12648901554867,4.12648901554867
5,5,1,114.36,39981,0,4.73935136745411,4.73935136745411
5,5,1,49.37,5391,0,3.89934295227077,3.89934295227077
5,5,1,173.28,119909,0,5.15490878325268,5.15490878325268
5,5,1,2387.46,559278,0,7.77798531828784,7.77798531828784
5,6,0,30.8,8714,-0.0433372700651414,3.42751468997953,3.38417741991439
5,6,0,11.97,7747,0.111291543075651,2.48240351956988,2.59369506264553
5,6,0,3.22,31442,-0.0434354996885338,1.16938135955632,1.12594585986778
5,6,0,8.91,3112,-0.0414123755830321,2.18717424148272,2.14576186589969
5,6,0,62.69,20731,0.0219724425090311,4.13820194528588,4.16017438779491
5,6,0,15.42,3277,-0.10977375285081,2.73566536813518,2.62589161528437
5,6,0,31.15,5291,0.0139251891535531,3.43881424523346,3.45273943438702
5,6,0,9.18,4884,-0.146432439699136,2.2170272046324,2.07059476493326
5,6,0,316.66,119632,0.056448844354477,5.75782864307329,5.81427748742776
5,6,0,11.93,9525,0.113869416762723,2.47905623610982,2.59292565287255
5,6,0,38.64,1953,-0.0595190142262304,3.65428800934432,3.59476899511809
5,6,0,12.02,4581,0.0200171303305305,2.48657192910706,2.50658905943759
5,6,1,69.43,62295,0,4.24031905076518,4.24031905076518
5,6,1,13.47,2575,0,2.60046499042227,2.60046499042227
5,6,1,14.11,32158,0,2.64688376586472,2.64688376586472
5,6,1,7.5,31442,0,2.01490302054226,2.01490302054226
5,6,1,8.58,1135,0,2.14943391349987,2.14943391349987
5,6,1,393,116662,0,5.97380961186926,5.97380961186926
5,6,1,87.44,17072,0,4.47095284386828,4.47095284386828
5,6,1,23.03,2283,0,3.13679771383259,3.13679771383259
5,6,1,10.55,32423,0,2.35612585992208,2.35612585992208
5,6,1,32.49,68672,0,3.48093234968101,3.48093234968101
5,6,1,533.49,186668,0,6.27944032642368,6.27944032642368
5,6,1,157.06,16138,0,5.05662789794673,5.05662789794673
5,6,1,49.35,64610,0,3.89893776587949,3.89893776587949
5,6,1,67.45,2977,0,4.21138658265377,4.21138658265377
5,6,1,39.6,1802,0,3.67882911826043,3.67882911826043
5,6,1,75.36,11385,0,4.32227663026811,4.32227663026811
5,6,1,25.64,1968,0,3.24415363205247,3.24415363205247
5,6,1,102.98,46010,0,4.634534794618,4.634534794618
5,6,1,1203.01,389080,0,7.09258202849208,7.09258202849208
5,6,1,889.43,261859,0,6.79058080811263,6.79058080811263
5,6,1,313.49,137743,0,5.74776746163759,5.74776746163759
5,6,1,415.78,79125,0,6.03015627421897,6.03015627421897
5,6,1,19.5,874,0,2.9704144655697,2.9704144655697
5,6,1,178.83,21659,0,5.18643563389995,5.18643563389995
5,6,1,389.82,64534,0,5.96568509412049,5.96568509412049
5,6,1,147.94,24026,0,4.99680678615972,4.99680678615972
5,6,1,579.49,130489,0,6.36214840637552,6.36214840637552
5,6,1,6392.6,1517683,0,8.76289635037502,8.76289635037502
5,7,0,14.77,8628,-0.0580162564346827,2.69259809654329,2.63458184010861
5,7,0,27.54,1314,0.0849513031603054,3.31563949330051,3.40059079646081
5,7,0,23.65,6600,-0.0899477845388453,3.16336311493794,3.0734153303991
5,7,1,0.96,1231,0,-0.0408219945202552,-0.0408219945202552
5,7,1,0.6,2935,0,-0.510825623765991,-0.510825623765991
5,7,1,69.7,32275,0,4.24420031776648,4.24420031776648
5,7,1,51.24,31442,0,3.93652047702853,3.93652047702853
5,7,1,21.74,31942,0,3.07915388169306,3.07915388169306
5,7,1,2.83,966,0,1.04027671165515,1.04027671165515
5,7,1,384.87,112252,0,5.95290561492936,5.95290561492936
